site.old,site.code,site,quad,month,day,year,date,survey.season,survey.month,tran.loc.m,cover,no.fuc.q,no.large.fuc.q,no.small.fuc.q,fuc.ht,covcl.repro,ww.veg,ww.repro,ww.recp,dw.veg,dw.repro,dw.recp,apices.repro,apices.veg,no.concept.recp,oog.conc.1,oog.conc.2,oog.conc.3,groove,notes
ND,PTC,Point Chauncey,10,9,12,2019,9/12/2019,Summer 2019,19-Sep,15,2,2,0,2,NA,5,NA,NA,NA,NA,NA,NA,NA,NA,NA,NA,NA,NA,NA,
ND,PTC,Point Chauncey,10,6,14,2018,6/14/2018,Spring 2018,18-Jun,15,1,3,NA,NA,NA,1,NA,NA,NA,NA,NA,NA,NA,NA,NA,NA,NA,NA,NA,
PC,PCY,Paradise Cay,6,6,14,2018,6/14/2018,Spring 2018,18-Jun,11,6,17,NA,NA,NA,1,81.332,122.469,NA,17.992,14.91,NA,NA,NA,NA,NA,NA,NA,NA,all sporeling in quadrat
PC,PCY,Paradise Cay,8,6,14,2018,6/14/2018,Spring 2018,18-Jun,13,22,58,NA,NA,NA,1,33.758,58.614,NA,7.713,6.371,NA,NA,NA,NA,NA,NA,NA,NA,all sporeling in quadrat
PC,PCY,Paradise Cay,9,6,14,2018,6/14/2018,Spring 2018,18-Jun,14,23,64,NA,NA,NA,1,26.076,22.749,NA,6.664,2.481,NA,NA,NA,NA,NA,NA,NA,NA,
BY,BYP,Brickyard Park,1,6,15,2018,6/15/2018,Spring 2018,18-Jun,1,7,25,NA,NA,NA,1,1.361,0,NA,0.359,0,NA,0,22,NA,NA,NA,NA,NA,
BY,BYP,Brickyard Park,2,6,15,2018,6/15/2018,Spring 2018,18-Jun,2.5,49,42,NA,NA,NA,1,2.632,0,NA,0.736,0,NA,0,25,NA,NA,NA,NA,NA,
BY,BYP,Brickyard Park,7,6,15,2018,6/15/2018,Spring 2018,18-Jun,8.5,12,14,NA,NA,NA,1,5.284,0.392,NA,1.649,0.102,NA,NA,NA,NA,NA,NA,NA,NA,
BY,BYP,Brickyard Park,9,6,15,2018,6/15/2018,Spring 2018,18-Jun,9.5,2,3,NA,NA,NA,1,3.913,0,NA,1.162,0,NA,0,NA,NA,NA,NA,NA,NA,
HS,HSB,Horseshoe Bay,6,6,15,2018,6/15/2018,Spring 2018,18-Jun,11,2,2,NA,NA,NA,1,0.614,0,NA,0.122,0,NA,NA,NA,NA,NA,NA,NA,NA,
BY,BYP,Brickyard Park,8,7,16,2018,7/16/2018,Summer 2018,18-Jul,10,24,39,5,34,NA,1,9.373,0,NA,2.748,0,NA,0,85,NA,NA,NA,NA,NA,
BY,BYP,Brickyard Park,9,7,16,2018,7/16/2018,Summer 2018,18-Jul,11,38,49,6,43,NA,1,9.648,1.208,0.462,2.758,0.192,0.076,8,83,332,16,8,8,N,
BY,BYP,Brickyard Park,10,7,16,2018,7/16/2018,Summer 2018,18-Jul,12,32,104,2,102,NA,1,2.554,0,NA,0.749,0,NA,0,33,NA,NA,NA,NA,NA,
HS,HSB,Horseshoe Bay,2,7,16,2018,7/16/2018,Summer 2018,18-Jul,3,10,25,1,24,NA,1,6.665,0,NA,1.77,0,NA,0,27,NA,NA,NA,NA,NA,Light reading 412
HS,HSB,Horseshoe Bay,3,7,16,2018,7/16/2018,Summer 2018,18-Jul,6,11,16,2,14,NA,1,1.457,0,NA,0.43,0,NA,0,14,NA,NA,NA,NA,NA,
ND,PTC,Point Chauncey,1,7,17,2018,7/17/2018,Summer 2018,18-Jul,1,18,29,7,22,NA,1,24.611,22.436,NA,6.808,3.185,NA,62,93,NA,NA,NA,NA,NA,
ND,PTC,Point Chauncey,5,7,17,2018,7/17/2018,Summer 2018,18-Jul,7,10,11,4,7,NA,1,10.127,6.264,NA,3.372,1.172,NA,55,78,NA,NA,NA,NA,NA,
ND,PTC,Point Chauncey,9,7,17,2018,7/17/2018,Summer 2018,18-Jul,13,18,31,10,21,NA,1,11.197,17.223,1.414,4.277,2.591,0.17,55,44,252,58,46,38,Y,
ND,PTC,Point Chauncey,10,7,17,2018,7/17/2018,Summer 2018,18-Jul,14,31,132,2,130,NA,1,4.16,1.704,NA,1.367,0.288,NA,9,29,NA,NA,NA,NA,NA,
PC,PCY,Paradise Cay,3,7,17,2018,7/17/2018,Summer 2018,18-Jul,4,6,10,0,10,NA,1,1.892,0,NA,0.561,0,NA,0,13,NA,NA,NA,NA,NA,
PC,PCY,Paradise Cay,4,7,17,2018,7/17/2018,Summer 2018,18-Jul,6,34,19,4,15,NA,1,0.48,0,NA,0.153,0,NA,0,7,NA,NA,NA,NA,NA,
PC,PCY,Paradise Cay,5,7,17,2018,7/17/2018,Summer 2018,18-Jul,8,27,114,1,113,NA,1,1.122,0,NA,0.344,0,NA,0,10,NA,NA,NA,NA,NA,
PC,PCY,Paradise Cay,6,7,17,2018,7/17/2018,Summer 2018,18-Jul,9,18,22,0,22,NA,1,3.099,0,NA,0.976,0,NA,0,20,NA,NA,NA,NA,NA,
PC,PCY,Paradise Cay,7,7,17,2018,7/17/2018,Summer 2018,18-Jul,11,29,122,4,118,NA,1,5.345,2.857,0.327,1.691,0.214,0.064,6,29,196,0,0,0,N,
PC,PCY,Paradise Cay,8,7,17,2018,7/17/2018,Summer 2018,18-Jul,12,52,350,0,350,NA,1,4.562,0,NA,1.362,0,NA,0,22,NA,NA,NA,NA,NA,estimate small fucus = 300-400
PC,PCY,Paradise Cay,9,7,17,2018,7/17/2018,Summer 2018,18-Jul,13,69,209,9,200,NA,1,1.299,0,NA,0.387,0,NA,0,8,NA,NA,NA,NA,NA,estimate small fucus = 200+
BY,BYP,Brickyard Park,8,8,6,2018,8/6/2018,Summer 2018,18-Aug,11,4,4,0,4,NA,1,0.59,0,NA,0.225,0,NA,0,11,NA,NA,NA,NA,NA,
HS,HSB,Horseshoe Bay,4,8,6,2018,8/6/2018,Summer 2018,18-Aug,8,7,8,1,7,NA,1,1.849,0,NA,1.01,0,NA,0,9,NA,NA,NA,NA,NA,
HS,HSB,Horseshoe Bay,7,8,6,2018,8/6/2018,Summer 2018,18-Aug,12,8,11,1,10,NA,1,1.841,0,NA,2.31,0,NA,0,8,NA,NA,NA,NA,NA,
ND,PTC,Point Chauncey,9,8,7,2018,8/7/2018,Summer 2018,18-Aug,12,22,33,9,24,NA,1,7.724,3.815,NA,2.112,0.524,NA,14,30,NA,NA,NA,NA,NA,
ND,PTC,Point Chauncey,10,8,7,2018,8/7/2018,Summer 2018,18-Aug,14,8,5,0,5,NA,1,0.645,0,NA,0.166,0,NA,0,6,NA,NA,NA,NA,NA,
PC,PCY,Paradise Cay,1,8,7,2018,8/7/2018,Summer 2018,18-Aug,1,34,107,14,93,NA,1,7.508,1.283,1.036,1.71,0.18,0.147,3,26,148,32,24,14,N,
PC,PCY,Paradise Cay,2,8,7,2018,8/7/2018,Summer 2018,18-Aug,3,26,80,12,68,NA,1,6.979,0.397,0.397,1.734,0.081,0.081,2,24,32,0,0,0,NA,
PC,PCY,Paradise Cay,3,8,7,2018,8/7/2018,Summer 2018,18-Aug,5,81,157,26,131,NA,1,19.985,13.528,NA,4.755,1.819,NA,35,44,NA,NA,NA,NA,NA,
PC,PCY,Paradise Cay,4,8,7,2018,8/7/2018,Summer 2018,18-Aug,7,41,169,9,160,NA,1,4.898,0,NA,1.252,0,NA,0,16,NA,NA,NA,NA,NA,
PC,PCY,Paradise Cay,5,8,7,2018,8/7/2018,Summer 2018,18-Aug,8,49,238,15,223,NA,1,11.731,2.864,NA,2.913,0.441,NA,6,36,NA,NA,NA,NA,NA,
PC,PCY,Paradise Cay,6,8,7,2018,8/7/2018,Summer 2018,18-Aug,9,32,56,4,52,NA,1,10.54,2.283,0.599,2.564,0.454,0.085,13,33,146,0,0,0,NA,
PC,PCY,Paradise Cay,7,8,7,2018,8/7/2018,Summer 2018,18-Aug,10,35,129,2,127,NA,1,2.362,0,NA,0.583,0,NA,0,16,NA,NA,NA,NA,NA,
PC,PCY,Paradise Cay,8,8,7,2018,8/7/2018,Summer 2018,18-Aug,11,80,247,30,217,NA,1,3.973,0,NA,1.048,0,NA,0,19,NA,NA,NA,NA,NA,
PC,PCY,Paradise Cay,9,8,7,2018,8/7/2018,Summer 2018,18-Aug,12,94,360,35,325,NA,1,15.851,7.532,NA,3.654,1.017,NA,19,48,NA,NA,NA,NA,NA,
PC,PCY,Paradise Cay,10,8,7,2018,8/7/2018,Summer 2018,18-Aug,13,62,92,7,85,NA,1,5.584,0,NA,1.541,0,NA,0,27,NA,NA,NA,NA,NA,
BY,BYP,Brickyard Park,1,9,10,2018,9/10/2018,Summer 2018,18-Sep,0,36,79,0,79,NA,1,3.46,0,NA,0.719,0,NA,0,21,NA,NA,NA,NA,NA,Fucus seem more bushy/shruby. Sporeling thalli are dense
BY,BYP,Brickyard Park,2,9,10,2018,9/10/2018,Summer 2018,18-Sep,2,84,127,22,105,NA,1,52.744,4.393,1.306,11.72,0.773,0.174,17,172,204,16,17,0,N,
BY,BYP,Brickyard Park,3,9,10,2018,9/10/2018,Summer 2018,18-Sep,3,54,245,0,245,NA,1,12.516,0,NA,2.63,0,NA,0,67,NA,NA,NA,NA,NA,
BY,BYP,Brickyard Park,5,9,10,2018,9/10/2018,Summer 2018,18-Sep,10,7,6,0,6,NA,1,10.769,0,NA,2.267,0,NA,0,59,NA,NA,NA,NA,NA,
BY,BYP,Brickyard Park,6,9,10,2018,9/10/2018,Summer 2018,18-Sep,11,43,137,2,135,NA,1,12.108,3.404,NA,2.662,0.587,NA,16,52,NA,NA,NA,NA,NA,
BY,BYP,Brickyard Park,7,9,10,2018,9/10/2018,Summer 2018,18-Sep,12,34,137,2,135,NA,1,12.528,0,NA,2.514,0,NA,0,54,NA,NA,NA,NA,NA,
BY,BYP,Brickyard Park,8,9,10,2018,9/10/2018,Summer 2018,18-Sep,13,92,166,3,163,NA,1,8.37,0,NA,1.683,0,NA,0,53,NA,NA,NA,NA,NA,
BY,BYP,Brickyard Park,9,9,10,2018,9/10/2018,Summer 2018,18-Sep,14,73,58,8,50,NA,1,30.666,11.6,1.087,6.981,1.728,0.149,25,79,214,37,5,16,N,
BY,BYP,Brickyard Park,10,9,10,2018,9/10/2018,Summer 2018,18-Sep,15,31,42,2,40,NA,1,33.838,0.402,0.123,7.328,NA,NA,5,34,120,0,8,2,N,
HS,HSB,Horseshoe Bay,1,9,10,2018,9/10/2018,Summer 2018,18-Sep,2,3,4,0,4,NA,1,0.548,0,NA,0.17,0,NA,0,3,NA,NA,NA,NA,NA,"More ulva at site, fucus band seems longer and wider"
HS,HSB,Horseshoe Bay,2,9,10,2018,9/10/2018,Summer 2018,18-Sep,3,23,9,1,8,NA,1,3.942,0,NA,0.959,0,NA,0,16,NA,NA,NA,NA,NA,
HS,HSB,Horseshoe Bay,3,9,10,2018,9/10/2018,Summer 2018,18-Sep,5,14,4,1,3,NA,1,0.679,0,NA,0.149,0,NA,0,7,NA,NA,NA,NA,NA,
HS,HSB,Horseshoe Bay,5,9,10,2018,9/10/2018,Summer 2018,18-Sep,8,14,15,0,15,NA,1,2.637,0,NA,0.555,0,NA,0,12,NA,NA,NA,NA,NA,
HS,HSB,Horseshoe Bay,7,9,10,2018,9/10/2018,Summer 2018,18-Sep,10,33,16,4,12,NA,1,10.105,0.834,NA,2.372,0.154,NA,4,29,NA,NA,NA,NA,NA,
HS,HSB,Horseshoe Bay,8,9,10,2018,9/10/2018,Summer 2018,18-Sep,13,15,11,6,5,NA,1,15.852,36.815,0.723,4.478,NA,0.116,89,58,336,24,24,53,Y,
ND,PTC,Point Chauncey,3,9,11,2018,9/11/2018,Summer 2018,18-Sep,6,25,24,2,22,NA,1,2.645,0,NA,0.64,0,NA,0,8,NA,NA,NA,NA,NA,
ND,PTC,Point Chauncey,5,9,11,2018,9/11/2018,Summer 2018,18-Sep,8,16,24,0,24,NA,1,3.159,0,NA,0.765,0,NA,0,28,NA,NA,NA,NA,NA,
ND,PTC,Point Chauncey,8,9,11,2018,9/11/2018,Summer 2018,18-Sep,13,8,3,0,3,NA,1,2.341,0.314,NA,0.634,0.051,NA,2,15,NA,NA,NA,NA,NA,
PC,PCY,Paradise Cay,2,9,11,2018,9/11/2018,Summer 2018,18-Sep,3,34,115,0,115,NA,1,6.613,0.098,NA,1.487,0.014,NA,1,26,NA,NA,NA,NA,NA,
PC,PCY,Paradise Cay,3,9,11,2018,9/11/2018,Summer 2018,18-Sep,4,44,118,0,118,NA,1,10.156,1.11,0.37,2.154,0.157,0.053,5,25,100,0,0,0,NA,
PC,PCY,Paradise Cay,4,9,11,2018,9/11/2018,Summer 2018,18-Sep,5,43,48,0,48,NA,1,6.945,0.351,NA,1.434,0.047,NA,2,32,NA,NA,NA,NA,NA,
PC,PCY,Paradise Cay,5,9,11,2018,9/11/2018,Summer 2018,18-Sep,7,61,127,0,127,NA,1,10.862,3.437,0.756,2.454,0.476,0.11,11,36,410,7,10,1,N,
PC,PCY,Paradise Cay,6,9,11,2018,9/11/2018,Summer 2018,18-Sep,8,27,73,1,72,NA,1,1.301,0,NA,0.268,0,NA,0,8,NA,NA,NA,NA,NA,
PC,PCY,Paradise Cay,7,9,11,2018,9/11/2018,Summer 2018,18-Sep,10,51,60,0,60,NA,1,14.982,3.911,NA,3.278,0.499,NA,8,42,NA,NA,NA,NA,NA,
PC,PCY,Paradise Cay,8,9,11,2018,9/11/2018,Summer 2018,18-Sep,11,63,208,0,208,NA,1,76.398,13.443,NA,17.268,1.926,NA,45,227,NA,NA,NA,NA,NA,
PC,PCY,Paradise Cay,10,9,11,2018,9/11/2018,Summer 2018,18-Sep,13,76,117,0,117,NA,1,NA,1.52,NA,0.696,0.193,NA,8,9,NA,NA,NA,NA,NA,
BY,BYP,Brickyard Park,1,10,9,2018,10/9/2018,Fall 2018,18-Oct,1,73,105,2,103,22,1,62.161,28.362,0.659,14.403,4.274,0.112,139,250,344,12,81,18,N,saw a speckled isopod
BY,BYP,Brickyard Park,2,10,9,2018,10/9/2018,Fall 2018,18-Oct,3,59,137,2,135,23.2,1,62.67,18.759,0.44,14.013,2.654,0.059,81,176,264,32,17,21,N,
BY,BYP,Brickyard Park,3,10,9,2018,10/9/2018,Fall 2018,18-Oct,4,73,41,17,24,18.5,1,17.28,13.757,NA,3.987,2.06,NA,51,126,NA,NA,NA,NA,NA,
BY,BYP,Brickyard Park,4,10,9,2018,10/9/2018,Fall 2018,18-Oct,6,57,39,16,23,15.4,1,31.577,9.815,NA,7.347,1.402,NA,60,201,NA,NA,NA,NA,NA,
BY,BYP,Brickyard Park,5,10,9,2018,10/9/2018,Fall 2018,18-Oct,7,10,8,1,7,24.2,1,44.289,30.648,NA,10.927,4.939,NA,116,157,NA,NA,NA,NA,NA,
BY,BYP,Brickyard Park,6,10,9,2018,10/9/2018,Fall 2018,18-Oct,9,27,25,2,23,18.8,1,21.101,11.323,NA,4.744,1.581,NA,45,86,NA,NA,NA,NA,NA,
BY,BYP,Brickyard Park,8,10,9,2018,10/9/2018,Fall 2018,18-Oct,11,6,5,0,5,15.6,1,17.942,0,NA,3.98,0,NA,0,83,NA,NA,NA,NA,NA,
BY,BYP,Brickyard Park,9,10,9,2018,10/9/2018,Fall 2018,18-Oct,13,34,27,1,26,20.7,1,12.924,6.856,0.878,2.935,1.741,0.054,20,48,266,6,5,17,N,
HS,HSB,Horseshoe Bay,1,10,9,2018,10/9/2018,Fall 2018,18-Oct,2,45,18,3,15,18.6,1,8.923,7.431,0.499,2.413,1.282,0.084,17,37,422,15,8,22,N,
HS,HSB,Horseshoe Bay,2,10,9,2018,10/9/2018,Fall 2018,18-Oct,4,3,2,0,2,17.6,1,6.283,0.67,NA,1.62,0.105,NA,4,23,NA,NA,NA,NA,NA,
HS,HSB,Horseshoe Bay,3,10,9,2018,10/9/2018,Fall 2018,18-Oct,5,12,3,1,2,16.8,1,8.223,6.77,NA,2.232,2.232,NA,10,10,NA,NA,NA,NA,NA,
HS,HSB,Horseshoe Bay,4,10,9,2018,10/9/2018,Fall 2018,18-Oct,7,3,1,0,1,18.8,1,1.591,0.609,0.609,0.414,0.109,0.109,2,12,376,18,40,6,N,
HS,HSB,Horseshoe Bay,5,10,9,2018,10/9/2018,Fall 2018,18-Oct,8,14,9,0,9,28.3,1,5.723,4.174,NA,1.583,0.75,NA,15,5,NA,NA,NA,NA,NA,
ND,PTC,Point Chauncey,2,10,10,2018,10/10/2018,Fall 2018,18-Oct,4,52,33,4,29,24.1,1,29.028,46.469,1.143,7.957,6.51,0.166,155,104,276,53,69,101,NA,
ND,PTC,Point Chauncey,3,10,10,2018,10/10/2018,Fall 2018,18-Oct,6,24,26,3,23,20.4,1,14.912,13.217,NA,3.258,1.741,NA,39,20,NA,NA,NA,NA,NA,
ND,PTC,Point Chauncey,4,10,10,2018,10/10/2018,Fall 2018,18-Oct,8,4,4,0,4,10.1,1,2.96,0.71,0.189,0.79,0.098,0.032,4,14,176,0,0,0,NA,
ND,PTC,Point Chauncey,6,10,10,2018,10/10/2018,Fall 2018,18-Oct,10,12,1,0,1,9,1,2.763,1.156,NA,0.671,0.671,NA,9,20,NA,NA,NA,NA,NA,
ND,PTC,Point Chauncey,7,10,10,2018,10/10/2018,Fall 2018,18-Oct,11,68,74,3,71,17,1,4.299,9.819,NA,1.05,1.405,NA,23,8,NA,NA,NA,NA,NA,
ND,PTC,Point Chauncey,9,10,10,2018,10/10/2018,Fall 2018,18-Oct,14,0,0,0,0,22,1,24.564,19.999,NA,3.017,6.15,NA,81,118,NA,NA,NA,NA,NA,
ND,PTC,Point Chauncey,10,10,10,2018,10/10/2018,Fall 2018,18-Oct,15,53,91,4,87,19,1,10.455,17.854,NA,2.681,2.65,NA,35,12,NA,NA,NA,NA,NA,
BY,BYP,Brickyard Park,1,11,6,2018,11/6/2018,Fall 2018,18-Nov,2,81,36,16,20,22,1,16.364,23.61,NA,4.334,3.136,NA,67,64,NA,NA,NA,NA,NA,
BY,BYP,Brickyard Park,10,11,6,2018,11/6/2018,Fall 2018,18-Nov,15,48,31,14,17,22.1,1,75.628,43.735,NA,18.882,7.684,NA,165,240,NA,NA,NA,NA,NA,
HS,HSB,Horseshoe Bay,2,11,6,2018,11/6/2018,Fall 2018,18-Nov,3,23,13,2,11,17.6,1,34.62,15.108,NA,9.669,2.594,NA,47,93,NA,NA,NA,NA,NA,
HS,HSB,Horseshoe Bay,6,11,6,2018,11/6/2018,Fall 2018,18-Nov,11,11,6,0,6,13.4,1,10.031,4.125,0.481,2.467,0.745,0.093,23,34,396,4,15,11,N,
HS,HSB,Horseshoe Bay,7,11,6,2018,11/6/2018,Fall 2018,18-Nov,12,5,3,0,3,7.8,1,4.502,0,NA,1.198,0,NA,0,20,NA,NA,NA,NA,NA,
BY,BYP,Brickyard Park,1,12,4,2018,12/4/2018,Fall 2018,18-Dec,1,51,48,9,39,16,1,17.354,4.377,NA,4.167,0.585,NA,21,72,372,73,17,64,N,
BY,BYP,Brickyard Park,2,12,4,2018,12/4/2018,Fall 2018,18-Dec,2,88,23,9,14,20,1,9.314,2.805,0.424,2.264,0.404,0.068,14,32,NA,NA,NA,NA,NA,
BY,BYP,Brickyard Park,4,12,4,2018,12/4/2018,Fall 2018,18-Dec,4,73,19,7,12,8.7,1,10.841,0,NA,0.556,0,NA,0,26,NA,NA,NA,NA,NA,
BY,BYP,Brickyard Park,7,12,4,2018,12/4/2018,Fall 2018,18-Dec,8,49,21,4,17,16.1,1,15.408,5.555,NA,3.551,0.695,NA,26,66,NA,NA,NA,NA,NA,
HS,HSB,Horseshoe Bay,1,12,4,2018,12/4/2018,Fall 2018,18-Dec,2,5,2,0,2,9.5,1,3.46,0.804,0.176,0.974,0.197,0.037,9,32,276,21,15,5,N,
HS,HSB,Horseshoe Bay,2,12,4,2018,12/4/2018,Fall 2018,18-Dec,5,1,1,0,1,2.5,1,0.321,0,NA,0.137,0,NA,0,12,NA,NA,NA,NA,NA,
HS,HSB,Horseshoe Bay,3,12,4,2018,12/4/2018,Fall 2018,18-Dec,6,3,2,0,2,16.9,1,11.229,0,NA,3.215,0,NA,0,27,NA,NA,NA,NA,NA,
HS,HSB,Horseshoe Bay,4,12,4,2018,12/4/2018,Fall 2018,18-Dec,7,1,1,1,0,11,1,2.15,0.548,NA,0.704,0.133,NA,2,13,NA,NA,NA,NA,NA,
HS,HSB,Horseshoe Bay,5,12,4,2018,12/4/2018,Fall 2018,18-Dec,9,3,3,0,3,11.1,1,1.91,1.313,0.33,0.496,0.27,0.071,3,7,322,53,6,26,Y,
ND,PTC,Point Chauncey,5,12,5,2018,12/5/2018,Fall 2018,18-Dec,7,1,0,0,0,16.4,1,5.106,9.54,0.901,1.211,1.072,0.113,23,24,242,21,70,68,N,
ND,PTC,Point Chauncey,8,12,5,2018,12/5/2018,Fall 2018,18-Dec,11,50,34,6,28,11,1,2.338,1.067,NA,0.478,0.126,NA,2,10,NA,NA,NA,NA,NA,
ND,PTC,Point Chauncey,10,12,5,2018,12/5/2018,Fall 2018,18-Dec,14,13,9,0,9,10.4,1,1.802,0,NA,0.392,0,NA,0,14,NA,NA,NA,NA,NA,
BY,BYP,Brickyard Park,1,1,31,2019,1/31/2019,Winter 2019,19-Jan,2,60,21,6,15,15,1,10.126,0,NA,2.191,0,NA,0,58,NA,NA,NA,NA,NA,
BY,BYP,Brickyard Park,3,1,31,2019,1/31/2019,Winter 2019,19-Jan,5,40,19,5,14,0,1,13.253,0,NA,2.899,0,NA,0,75,NA,NA,NA,NA,NA,
BY,BYP,Brickyard Park,4,1,31,2019,1/31/2019,Winter 2019,19-Jan,6,35,14,2,12,0,1,27.981,4.385,0.26,5.699,0.429,0.032,13,101,99,42,13,10,NA,
BY,BYP,Brickyard Park,5,1,31,2019,1/31/2019,Winter 2019,19-Jan,7,14,10,0,10,8,1,2.161,0,NA,0.452,0,NA,0,17,NA,NA,NA,NA,NA,
HS,HSB,Horseshoe Bay,2,1,31,2019,1/31/2019,Winter 2019,19-Jan,2,18,10,0,10,10.2,1,4.458,0.784,NA,1.361,0.181,NA,7,41,NA,NA,NA,NA,NA,
BY,BYP,Brickyard Park,2,3,14,2019,3/14/2019,Winter 2019,19-Mar,3,34,36,31,5,12.9,1,10.525,0,NA,2.516,0,NA,0,60,NA,NA,NA,NA,NA,Fucus also appear to be less crispy than the ones at HS earlier on the same day
HS,HSB,Horseshoe Bay,9,3,14,2019,3/14/2019,Winter 2019,19-Mar,12,5,1,0,1,16.1,1,10.249,2.261,NA,3.561,0.697,NA,27,40,NA,NA,NA,NA,NA,
ND,PTC,Point Chauncey,7,3,15,2019,3/15/2019,Winter 2019,19-Mar,9,26,15,2,13,20.8,1,8.898,1.575,NA,2.26,0.237,NA,11,52,NA,NA,NA,NA,NA,
BY,BYP,Brickyard Park,2,4,9,2019,4/9/2019,Spring 2019,19-Apr,3,43,37,2,35,13.1,1,8.972,0,NA,2.211,0,NA,0,42,NA,NA,NA,NA,NA,
BY,BYP,Brickyard Park,3,4,9,2019,4/9/2019,Spring 2019,19-Apr,4,36,14,9,5,23.5,1,19.645,7.636,NA,4.83,0.76,NA,23,64,NA,NA,NA,NA,NA,
BY,BYP,Brickyard Park,4,4,9,2019,4/9/2019,Spring 2019,19-Apr,7,31,13,7,6,28.9,1,62.947,15.732,1.153,15.418,1.403,0.098,43,134,346,10,3,17,N,
HS,HSB,Horseshoe Bay,3,4,9,2019,4/9/2019,Spring 2019,19-Apr,4,15,12,1,11,17.1,1,12.385,36.642,3.272,2.896,2.799,0.229,54,46,746,80,69,43,Y,
ND,PTC,Point Chauncey,1,4,11,2019,4/11/2019,Spring 2019,19-Apr,2,2,0,0,0,6.8,1,1.737,0,NA,0.456,0,NA,0,14,NA,NA,NA,NA,NA,
ND,PTC,Point Chauncey,5,4,11,2019,4/11/2019,Spring 2019,19-Apr,7,5,4,0,4,10,1,3.85,0,NA,1.254,0,NA,0,26,NA,NA,NA,NA,NA,
ND,PTC,Point Chauncey,9,4,11,2019,4/11/2019,Spring 2019,19-Apr,14,0,0,0,0,16.8,1,16.041,4.427,0.313,4.276,0.644,0.082,9,78,224,49,72,50,Y,
BY,BYP,Brickyard Park,3,5,8,2019,5/8/2019,Spring 2019,19-May,4,20,47,3,44,17.2,1,4.612,0.287,NA,1.396,0.06,NA,3,38,NA,NA,NA,NA,NA,
BY,BYP,Brickyard Park,10,5,8,2019,5/8/2019,Spring 2019,19-May,15,12,1,1,0,22.3,1,10.157,6.364,NA,2.431,0.653,NA,22,43,NA,NA,NA,NA,NA,
ND,PTC,Point Chauncey,5,5,9,2019,5/9/2019,Spring 2019,19-May,7,12,92,0,92,3.5,1,0.096,0,NA,0.062,0,NA,0,3,NA,NA,NA,NA,NA,
ND,PTC,Point Chauncey,9,5,9,2019,5/9/2019,Spring 2019,19-May,13,2,3,0,3,2.5,1,0.044,0,NA,0.035,0,NA,0,2,NA,NA,NA,NA,NA,
BY,BYP,Brickyard Park,1,6,8,2019,6/8/2019,Spring 2019,19-Jun,2,2,1,0,1,15,1,0.726,0,NA,0.365,0,NA,0,28,NA,NA,NA,NA,NA,lots of washed up seagrass. There was about 300 juvenile fucus (clover sized) at meter 13 but that number wasn't randomly chosen for sampling.
BY,BYP,Brickyard Park,2,6,8,2019,6/8/2019,Spring 2019,19-Jun,3,35,17,7,10,18.8,1,3.395,0,NA,1.552,0,NA,0,36,NA,NA,NA,NA,NA,
BY,BYP,Brickyard Park,3,6,8,2019,6/8/2019,Spring 2019,19-Jun,4,4,7,0,7,31,1,3.599,0,NA,1.695,0,NA,0,52,NA,NA,NA,NA,NA,
BY,BYP,Brickyard Park,1,7,20,2019,7/20/2019,Summer 2019,19-Jul,2,1,8,0,8,17,1,12.8,0,NA,3.268,0,NA,0,53,NA,NA,NA,NA,NA,
BY,BYP,Brickyard Park,2,7,20,2019,7/20/2019,Summer 2019,19-Jul,4,6,75,0,75,12.5,1,1.628,0,NA,0.515,0,NA,0,11,NA,NA,NA,NA,NA,
BY,BYP,Brickyard Park,3,7,20,2019,7/20/2019,Summer 2019,19-Jul,5,5,46,1,45,22,1,9.081,1.33,NA,2.43,0.217,0.141,4,41,202,1,16,13,N,
BY,BYP,Brickyard Park,6,7,20,2019,7/20/2019,Summer 2019,19-Jul,9,7,48,0,48,6.8,1,0.232,0,NA,0.064,0,NA,0,9,NA,NA,NA,NA,NA,
BY,BYP,Brickyard Park,8,7,20,2019,7/20/2019,Summer 2019,19-Jul,12,6,0,0,0,20.3,1,14.554,1.107,NA,3.383,0.217,0.044,11,60,140,0,0,0,NA,
BY,BYP,Brickyard Park,9,7,20,2019,7/20/2019,Summer 2019,19-Jul,13,19,211,0,211,4.5,1,0.072,0,NA,0.031,0,NA,0,3,NA,NA,NA,NA,NA,
BY,BYP,Brickyard Park,10,7,20,2019,7/20/2019,Summer 2019,19-Jul,15,3,35,0,35,3.5,1,0.42,0,NA,0.025,0,NA,0,3,NA,NA,NA,NA,NA,
ND,PTC,Point Chauncey,5,7,21,2019,7/21/2019,Summer 2019,19-Jul,7,2,3,0,3,7,1,1.171,0,NA,0.287,0,NA,0,9,NA,NA,NA,NA,NA,
PC,PCY,Paradise Cay,2,7,21,2019,7/21/2019,Summer 2019,19-Jul,3,10,36,0,36,11.9,1,4.697,0,NA,1.12,0,NA,0,18,NA,NA,NA,NA,NA,
PC,PCY,Paradise Cay,3,7,21,2019,7/21/2019,Summer 2019,19-Jul,4,2,2,0,2,7,1,0.955,0.185,NA,0.277,0.033,NA,1,12,NA,NA,NA,NA,NA,
PC,PCY,Paradise Cay,4,7,21,2019,7/21/2019,Summer 2019,19-Jul,7,1,11,0,11,NA,1,0.033,0,NA,0.012,0,NA,0,2,NA,NA,NA,NA,NA,
PC,PCY,Paradise Cay,5,7,21,2019,7/21/2019,Summer 2019,19-Jul,8,0,0,0,0,12.8,1,6.35,0.846,0.141,1.573,0.126,0.024,5,28,144,0,0,0,NA,
PC,PCY,Paradise Cay,7,7,21,2019,7/21/2019,Summer 2019,19-Jul,10,1,4,0,4,5.4,1,0.42,0,NA,0.113,0,NA,0,4,NA,NA,NA,NA,NA,
PC,PCY,Paradise Cay,9,7,21,2019,7/21/2019,Summer 2019,19-Jul,13,2,0,0,0,8.8,1,3.405,0,NA,0.857,0,NA,0,21,NA,NA,NA,NA,NA,
PC,PCY,Paradise Cay,10,7,21,2019,7/21/2019,Summer 2019,19-Jul,15,11,24,0,24,7.6,1,1.5,0,NA,0.562,0,NA,0,12,NA,NA,NA,NA,NA,
BY,BYP,Brickyard Park,1,8,4,2019,8/4/2019,Summer 2019,19-Aug,2,1,7,0,7,8,1,0.897,0,NA,0.373,0,NA,0,16,NA,NA,NA,NA,NA,"Very few adult fucus thalli, <20 total at the site"
BY,BYP,Brickyard Park,3,8,4,2019,8/4/2019,Summer 2019,19-Aug,4,6,57,0,57,13.1,1,2.896,0,NA,0.932,0,NA,0,28,NA,NA,NA,NA,N,
BY,BYP,Brickyard Park,4,8,4,2019,8/4/2019,Summer 2019,19-Aug,5,4,38,0,38,0,1,0.098,0,NA,0.062,0,NA,0,7,NA,NA,NA,NA,NA,
BY,BYP,Brickyard Park,5,8,4,2019,8/4/2019,Summer 2019,19-Aug,6,1,15,0,15,4.9,1,1.7,0,NA,0.275,0,NA,0,15,NA,NA,NA,NA,NA,
BY,BYP,Brickyard Park,6,8,4,2019,8/4/2019,Summer 2019,19-Aug,7,3,17,1,16,18.2,1,6.69,0,NA,1.597,0,NA,0,19,NA,NA,NA,NA,NA,
BY,BYP,Brickyard Park,8,8,4,2019,8/4/2019,Summer 2019,19-Aug,9,2,4,0,4,7.6,1,0.529,0,NA,0.26,0,NA,0,4,NA,NA,NA,NA,NA,
BY,BYP,Brickyard Park,10,8,4,2019,8/4/2019,Summer 2019,19-Aug,13,32,347,0,347,4.9,1,0.037,0,NA,0.032,0,NA,0,3,NA,NA,NA,NA,NA,
HS,HSB,Horseshoe Bay,8,8,4,2019,8/4/2019,Summer 2019,19-Aug,11,1,3,0,3,8,1,1.424,0,NA,0.384,0,NA,0,5,NA,NA,NA,NA,NA,
ND,PTC,Point Chauncey,5,8,4,2019,8/4/2019,Summer 2019,19-Aug,6,4,4,1,3,12.6,1,4.063,1.378,NA,1.084,0.244,NA,5,13,NA,NA,NA,NA,NA,
ND,PTC,Point Chauncey,9,8,4,2019,8/4/2019,Summer 2019,19-Aug,12,4,7,1,6,25.5,1,8.566,21.27,1.168,2.166,2.926,0.145,55,24,206,29,46,25,Y,
PC,PCY,Paradise Cay,1,8,4,2019,8/4/2019,Summer 2019,19-Aug,2,1,11,0,11,5.4,1,0.219,0,NA,0.138,0,NA,0,4,NA,NA,NA,NA,NA,
PC,PCY,Paradise Cay,2,8,4,2019,8/4/2019,Summer 2019,19-Aug,3,6,13,0,13,9.7,1,1.524,0,NA,0.431,0,NA,0,11,NA,NA,NA,NA,NA,
PC,PCY,Paradise Cay,3,8,4,2019,8/4/2019,Summer 2019,19-Aug,5,2,2,0,2,10,1,2.572,0,NA,0.556,0,NA,0,14,NA,NA,NA,NA,NA,
PC,PCY,Paradise Cay,5,8,4,2019,8/4/2019,Summer 2019,19-Aug,7,4,18,0,18,6.6,1,1.573,0,NA,0.392,0,NA,0,11,NA,NA,NA,NA,NA,
PC,PCY,Paradise Cay,8,8,4,2019,8/4/2019,Summer 2019,19-Aug,13,8,15,0,15,9.1,1,1.992,0,NA,0.461,0,NA,0,10,NA,NA,NA,NA,NA,
PC,PCY,Paradise Cay,10,8,4,2019,8/4/2019,Summer 2019,19-Aug,15,14,36,2,34,13.5,1,4.737,0.961,0.209,1.077,0.124,0.029,5,13,88,0,0,0,NA,
BY,BYP,Brickyard Park,1,9,12,2019,9/12/2019,Summer 2019,19-Sep,1,45,33,6,27,NA,1,NA,NA,NA,NA,NA,NA,NA,NA,NA,NA,NA,NA,NA,
BY,BYP,Brickyard Park,2,9,12,2019,9/12/2019,Summer 2019,19-Sep,2,3,10,0,10,NA,1,NA,NA,NA,NA,NA,NA,NA,NA,NA,NA,NA,NA,NA,
BY,BYP,Brickyard Park,3,9,12,2019,9/12/2019,Summer 2019,19-Sep,3,20,41,4,37,NA,1,NA,NA,NA,NA,NA,NA,NA,NA,NA,NA,NA,NA,NA,
BY,BYP,Brickyard Park,4,9,12,2019,9/12/2019,Summer 2019,19-Sep,5,9,25,0,25,NA,1,NA,NA,NA,NA,NA,NA,NA,NA,NA,NA,NA,NA,NA,
BY,BYP,Brickyard Park,5,9,12,2019,9/12/2019,Summer 2019,19-Sep,8,2,0,0,0,NA,1,NA,NA,NA,NA,NA,NA,NA,NA,NA,NA,NA,NA,NA,
BY,BYP,Brickyard Park,6,9,12,2019,9/12/2019,Summer 2019,19-Sep,9,6,51,0,51,NA,1,NA,NA,NA,NA,NA,NA,NA,NA,NA,NA,NA,NA,NA,
BY,BYP,Brickyard Park,7,9,12,2019,9/12/2019,Summer 2019,19-Sep,11,0,0,0,0,NA,1,NA,NA,NA,NA,NA,NA,NA,NA,NA,NA,NA,NA,NA,
BY,BYP,Brickyard Park,9,9,12,2019,9/12/2019,Summer 2019,19-Sep,13,30,225,0,225,NA,1,NA,NA,NA,NA,NA,NA,NA,NA,NA,NA,NA,NA,NA,
BY,BYP,Brickyard Park,10,9,12,2019,9/12/2019,Summer 2019,19-Sep,14,10,79,0,79,NA,1,NA,NA,NA,NA,NA,NA,NA,NA,NA,NA,NA,NA,NA,
HS,HSB,Horseshoe Bay,6,9,12,2019,9/12/2019,Summer 2019,19-Sep,10,5,11,0,11,NA,1,NA,NA,NA,NA,NA,NA,NA,NA,NA,NA,NA,NA,NA,
ND,PTC,Point Chauncey,1,9,12,2019,9/12/2019,Summer 2019,19-Sep,1,0,0,0,0,NA,1,NA,NA,NA,NA,NA,NA,NA,NA,NA,NA,NA,NA,NA,
ND,PTC,Point Chauncey,5,9,12,2019,9/12/2019,Summer 2019,19-Sep,6,15,19,3,16,NA,1,NA,NA,NA,NA,NA,NA,NA,NA,NA,NA,NA,NA,NA,
ND,PTC,Point Chauncey,8,9,12,2019,9/12/2019,Summer 2019,19-Sep,10,22,16,2,14,NA,1,NA,NA,NA,NA,NA,NA,NA,NA,NA,NA,NA,NA,NA,
ND,PTC,Point Chauncey,9,9,12,2019,9/12/2019,Summer 2019,19-Sep,14,0,0,0,0,NA,1,NA,NA,NA,NA,NA,NA,NA,NA,NA,NA,NA,NA,NA,
PC,PCY,Paradise Cay,2,9,12,2019,9/12/2019,Summer 2019,19-Sep,2,0,0,0,0,NA,1,NA,NA,NA,NA,NA,NA,NA,NA,NA,NA,NA,NA,NA,
PC,PCY,Paradise Cay,3,9,12,2019,9/12/2019,Summer 2019,19-Sep,4,0,0,0,0,NA,1,NA,NA,NA,NA,NA,NA,NA,NA,NA,NA,NA,NA,NA,
PC,PCY,Paradise Cay,5,9,12,2019,9/12/2019,Summer 2019,19-Sep,7,8,12,0,12,NA,1,NA,NA,NA,NA,NA,NA,NA,NA,NA,NA,NA,NA,NA,
PC,PCY,Paradise Cay,6,9,12,2019,9/12/2019,Summer 2019,19-Sep,8,0,0,0,0,NA,1,NA,NA,NA,NA,NA,NA,NA,NA,NA,NA,NA,NA,NA,
PC,PCY,Paradise Cay,7,9,12,2019,9/12/2019,Summer 2019,19-Sep,10,21,19,5,14,NA,1,NA,NA,NA,NA,NA,NA,NA,NA,NA,NA,NA,NA,NA,
PC,PCY,Paradise Cay,8,9,12,2019,9/12/2019,Summer 2019,19-Sep,12,24,24,2,22,NA,1,NA,NA,NA,NA,NA,NA,NA,NA,NA,NA,NA,NA,NA,
PC,PCY,Paradise Cay,9,9,12,2019,9/12/2019,Summer 2019,19-Sep,13,32,23,5,18,NA,1,NA,NA,NA,NA,NA,NA,NA,NA,NA,NA,NA,NA,NA,
PC,PCY,Paradise Cay,10,9,12,2019,9/12/2019,Summer 2019,19-Sep,14,15,19,3,16,NA,1,NA,NA,NA,NA,NA,NA,NA,NA,NA,NA,NA,NA,NA,
BY,BYP,Brickyard Park,3,6,15,2018,6/15/2018,Spring 2018,18-Jun,4.5,65,68,NA,NA,NA,2,8.07,1.212,0.179,2.085,0.303,0.034,18,63,176,16,10,9,N,
BY,BYP,Brickyard Park,4,6,15,2018,6/15/2018,Spring 2018,18-Jun,6,41,42,NA,NA,NA,2,8.085,10.058,NA,1.937,1.563,NA,38,39,NA,NA,NA,NA,NA,
BY,BYP,Brickyard Park,5,6,15,2018,6/15/2018,Spring 2018,18-Jun,6.5,24,38,NA,NA,NA,2,3.574,0.415,NA,0.927,0.072,NA,4,21,NA,NA,NA,NA,NA,
BY,BYP,Brickyard Park,6,6,15,2018,6/15/2018,Spring 2018,18-Jun,8,26,31,NA,NA,NA,2,33.559,22.741,0.945,8.551,3.352,0.138,123,136,208,10,13,14,N,
BY,BYP,Brickyard Park,8,6,15,2018,6/15/2018,Spring 2018,18-Jun,9,49,62,NA,NA,NA,2,10.774,2.347,0.619,2.066,0.465,0.081,10,65,197,24,7,6,NA,
BY,BYP,Brickyard Park,10,6,15,2018,6/15/2018,Spring 2018,18-Jun,10,23,18,NA,NA,NA,2,14.447,2.702,NA,3.492,0.428,NA,NA,NA,NA,NA,NA,NA,NA,
HS,HSB,Horseshoe Bay,2,6,15,2018,6/15/2018,Spring 2018,18-Jun,5,48,56,NA,NA,NA,2,8.918,15.953,1.047,1.812,1.862,0.113,51,20,429,39,31,54,Y,
HS,HSB,Horseshoe Bay,3,6,15,2018,6/15/2018,Spring 2018,18-Jun,6,35,28,NA,NA,NA,2,3.346,0,NA,0.61,0,NA,0,12,NA,NA,NA,NA,NA,
BY,BYP,Brickyard Park,1,7,16,2018,7/16/2018,Summer 2018,18-Jul,1,55,59,12,47,NA,2,25.221,0,NA,6.521,0,NA,0,144,NA,NA,NA,NA,NA,
BY,BYP,Brickyard Park,3,7,16,2018,7/16/2018,Summer 2018,18-Jul,3,53,332,7,325,NA,2,14.239,13.543,NA,3.588,2.146,NA,60,58,NA,NA,NA,NA,NA,
BY,BYP,Brickyard Park,6,7,16,2018,7/16/2018,Summer 2018,18-Jul,7,21,25,5,20,NA,2,11.742,10.401,0.341,3.457,2.06,0.071,71,58,256,0,4,5,N,
PC,PCY,Paradise Cay,10,7,17,2018,7/17/2018,Summer 2018,18-Jul,14,24,17,3,14,NA,2,14.343,25.31,1.094,4.469,3.678,0.177,47,63,234,28,37,11,Y,
HS,HSB,Horseshoe Bay,1,8,6,2018,8/6/2018,Summer 2018,18-Aug,1,11,8,2,6,NA,2,17.85,4.335,NA,4.749,0.768,NA,18,90,NA,NA,NA,NA,NA,"Dead sea lion on rocks, 2 dead shore crabs, fucus thalli extra dry"
ND,PTC,Point Chauncey,8,8,7,2018,8/7/2018,Summer 2018,18-Aug,10,68,249,27,222,NA,2,4.601,0,NA,1.503,0,NA,0,32,NA,NA,NA,NA,NA,
ND,PTC,Point Chauncey,4,9,11,2018,9/11/2018,Summer 2018,18-Sep,7,19,17,6,11,NA,2,1.164,0,NA,0.332,0,NA,0,12,NA,NA,NA,NA,NA,
ND,PTC,Point Chauncey,10,9,11,2018,9/11/2018,Summer 2018,18-Sep,15,62,60,13,47,NA,2,28.607,28.754,NA,4.241,3.549,NA,57,61,NA,NA,NA,NA,NA,
PC,PCY,Paradise Cay,9,9,11,2018,9/11/2018,Summer 2018,18-Sep,12,99,242,37,205,NA,2,8.604,4.057,0.621,1.844,0.485,0.072,12,31,240,19,2,31,N,
HS,HSB,Horseshoe Bay,10,10,9,2018,10/9/2018,Fall 2018,18-Oct,14,69,35,9,26,21.9,2,29.634,9.334,NA,8.545,1.567,NA,26,56,NA,NA,NA,NA,NA,
ND,PTC,Point Chauncey,8,10,10,2018,10/10/2018,Fall 2018,18-Oct,12,51,41,2,39,18,2,25.282,25.229,2.503,1.58,3.602,0.346,55,8,766,124,73,37,NA,
BY,BYP,Brickyard Park,2,11,6,2018,11/6/2018,Fall 2018,18-Nov,5,73,59,17,42,23.2,2,22.821,29.442,NA,6.201,4.001,NA,92,87,NA,NA,NA,NA,NA,
BY,BYP,Brickyard Park,4,11,6,2018,11/6/2018,Fall 2018,18-Nov,7,43,28,4,24,15.4,2,28.132,20.653,0.46,7.725,3.808,0.067,66,114,384,29,21,30,N,
BY,BYP,Brickyard Park,6,11,6,2018,11/6/2018,Fall 2018,18-Nov,11,25,12,2,10,18.8,2,8.068,6.801,0.561,2.207,1.152,0.087,41,23,340,28,27,12,N,
BY,BYP,Brickyard Park,7,11,6,2018,11/6/2018,Fall 2018,18-Nov,12,53,38,5,33,14.8,2,19.512,7.293,NA,4.651,1.18,NA,37,67,NA,NA,NA,NA,NA,
HS,HSB,Horseshoe Bay,1,11,6,2018,11/6/2018,Fall 2018,18-Nov,1,16,7,1,6,18.6,2,14.48,25.185,1.021,4.81,5.991,0.233,91,23,722,40,99,49,Y,
BY,BYP,Brickyard Park,3,12,4,2018,12/4/2018,Fall 2018,18-Dec,3,51,57,12,45,20.5,2,2.181,3.47,NA,2.659,0.492,NA,21,31,NA,NA,NA,NA,NA,
BY,BYP,Brickyard Park,5,12,4,2018,12/4/2018,Fall 2018,18-Dec,5,59,26,14,12,19.1,2,18.851,9.137,0.409,4.331,1.107,0.054,44,57,460,35,60,47,Y,
BY,BYP,Brickyard Park,6,12,4,2018,12/4/2018,Fall 2018,18-Dec,6,31,16,4,12,18.5,2,12.074,4.215,NA,2.733,0.55,NA,22,47,NA,NA,NA,NA,NA,
BY,BYP,Brickyard Park,8,12,4,2018,12/4/2018,Fall 2018,18-Dec,10,42,21,6,15,19.1,2,36.331,13.586,0.672,7.979,1.751,0.089,59,128,204,47,26,54,Y,
BY,BYP,Brickyard Park,9,12,4,2018,12/4/2018,Fall 2018,18-Dec,12,33,21,7,14,13.3,2,6.995,0,NA,1.556,0,NA,0,34,NA,NA,NA,NA,NA,
HS,HSB,Horseshoe Bay,7,12,4,2018,12/4/2018,Fall 2018,18-Dec,12,43,14,9,5,10.4,2,3.15,1.272,1.272,0.833,0.23,0.23,2,20,420,71,9,15,Y,
ND,PTC,Point Chauncey,6,12,5,2018,12/5/2018,Fall 2018,18-Dec,8,16,10,2,8,11.4,2,4.263,6.637,NA,0.989,0.911,NA,32,16,NA,NA,NA,NA,NA,
ND,PTC,Point Chauncey,7,12,5,2018,12/5/2018,Fall 2018,18-Dec,10,12,5,1,4,13.9,2,5.319,5.481,NA,1.3,0.869,NA,61,48,NA,NA,NA,NA,NA,
PC,PCY,Paradise Cay,1,12,5,2018,12/5/2018,Fall 2018,18-Dec,2,65,39,24,15,19,2,9.938,0.775,0.15,2.443,0.111,0.026,4,75,182,40,39,25,Y,"Found live oysters and clams. Saw some bryozoa on fucus, found a giant live oyster ~size of hand (have pics)"
PC,PCY,Paradise Cay,5,12,5,2018,12/5/2018,Fall 2018,18-Dec,8,69,55,12,43,13.9,2,3.504,4.865,NA,0.764,0.555,NA,17,18,NA,NA,NA,NA,NA,
ND,PTC,Point Chauncey,2,1,30,2019,1/30/2019,Winter 2019,19-Jan,3,27,21,5,16,8.4,2,1.679,0.31,NA,0.487,0.065,NA,4,21,NA,NA,NA,NA,NA,
ND,PTC,Point Chauncey,6,1,30,2019,1/30/2019,Winter 2019,19-Jan,9,8,8,0,8,14,2,5.158,1.601,NA,1.214,0.194,NA,5,28,NA,NA,NA,NA,NA,
PC,PCY,Paradise Cay,1,1,30,2019,1/30/2019,Winter 2019,19-Jan,1,49,31,14,17,3,2,3.36,0.085,NA,0.904,0.014,NA,1,26,NA,NA,NA,NA,NA,
BY,BYP,Brickyard Park,2,1,31,2019,1/31/2019,Winter 2019,19-Jan,3,44,41,3,38,6,2,1.298,0,NA,0.267,0,NA,0,12,NA,NA,NA,NA,NA,
BY,BYP,Brickyard Park,7,1,31,2019,1/31/2019,Winter 2019,19-Jan,11,21,7,2,5,13.5,2,3.934,0,NA,0.797,0,NA,0,44,NA,NA,NA,NA,NA,
BY,BYP,Brickyard Park,8,1,31,2019,1/31/2019,Winter 2019,19-Jan,13,56,39,3,36,17.5,2,19.403,0.398,NA,3.767,0.043,NA,3,74,156,9,0,61,NA,
BY,BYP,Brickyard Park,9,1,31,2019,1/31/2019,Winter 2019,19-Jan,14,53,18,7,11,20.8,2,14.894,3.896,1.075,3.21,0.351,0.1,9,63,NA,NA,NA,NA,NA,
BY,BYP,Brickyard Park,10,1,31,2019,1/31/2019,Winter 2019,19-Jan,15,42,8,5,3,19,2,15.367,0.253,NA,3.58,0.041,NA,3,61,NA,NA,NA,NA,NA,
HS,HSB,Horseshoe Bay,3,1,31,2019,1/31/2019,Winter 2019,19-Jan,4,92,68,20,48,22.7,2,22.148,3.146,0.569,6.332,0.482,0.084,16,97,544,25,64,72,Y,
HS,HSB,Horseshoe Bay,5,1,31,2019,1/31/2019,Winter 2019,19-Jan,9,33,25,6,19,26.8,2,26.537,2.308,0.708,7.287,0.38,0.107,11,66,534,22,10,19,N,
ND,PTC,Point Chauncey,1,2,20,2019,2/20/2019,Winter 2019,19-Feb,1,66,50,4,46,22.3,2,16.481,4.067,0.377,3.36,0.43,0.046,13,83,126,1,3,1,N,
ND,PTC,Point Chauncey,2,2,20,2019,2/20/2019,Winter 2019,19-Feb,2,18,11,0,11,14.4,2,5.798,0,NA,1.527,0,NA,0,35,NA,NA,NA,NA,NA,
ND,PTC,Point Chauncey,3,2,20,2019,2/20/2019,Winter 2019,19-Feb,3,36,15,3,12,15.3,2,8.038,0.793,NA,1.92,0.14,NA,7,39,NA,NA,NA,NA,NA,
ND,PTC,Point Chauncey,4,2,20,2019,2/20/2019,Winter 2019,19-Feb,5,17,13,0,13,10.3,2,2.268,0,NA,0.495,0,NA,0,20,NA,NA,NA,NA,NA,
ND,PTC,Point Chauncey,5,2,20,2019,2/20/2019,Winter 2019,19-Feb,7,10,19,5,14,14,2,5.643,0,NA,1.386,0,NA,0,44,NA,NA,NA,NA,NA,
ND,PTC,Point Chauncey,7,2,20,2019,2/20/2019,Winter 2019,19-Feb,10,52,15,3,12,18,2,9.179,1.491,NA,2.026,0.161,NA,3,43,NA,NA,NA,NA,NA,
ND,PTC,Point Chauncey,8,2,20,2019,2/20/2019,Winter 2019,19-Feb,11,13,11,2,9,16,2,7.949,0.384,NA,1.89,0.055,NA,2,28,NA,NA,NA,NA,NA,
PC,PCY,Paradise Cay,4,2,20,2019,2/20/2019,Winter 2019,19-Feb,7,28,22,11,11,24.2,2,11.906,0.507,NA,3.216,0.08,NA,7,64,NA,NA,NA,NA,NA,
PC,PCY,Paradise Cay,5,2,20,2019,2/20/2019,Winter 2019,19-Feb,8,64,30,14,16,26.2,2,7.828,0.298,NA,1.913,0.044,NA,1,45,NA,NA,NA,NA,NA,
PC,PCY,Paradise Cay,6,2,20,2019,2/20/2019,Winter 2019,19-Feb,9,45,38,18,20,NA,2,NA,NA,NA,NA,NA,NA,NA,NA,NA,NA,NA,NA,NA,
PC,PCY,Paradise Cay,8,2,20,2019,2/20/2019,Winter 2019,19-Feb,12,31,21,8,13,18.8,2,12.51,0.539,0.539,2.437,0.058,0.058,2,69,426,19,36,40,Y,
PC,PCY,Paradise Cay,9,2,20,2019,2/20/2019,Winter 2019,19-Feb,13,65,33,20,13,22.1,2,11.901,1.954,NA,2.625,0.215,NA,9,54,NA,NA,NA,NA,NA,
BY,BYP,Brickyard Park,6,2,21,2019,2/21/2019,Winter 2019,19-Feb,8,59,16,13,3,18.7,2,15.083,1.729,0.083,3.961,0.306,0.016,9,65,164,18,17,11,Y,
BY,BYP,Brickyard Park,7,2,21,2019,2/21/2019,Winter 2019,19-Feb,11,42,16,9,7,18.9,2,18.423,3.113,0.685,4.615,0.448,0.072,19,129,264,21,38,72,Y,
BY,BYP,Brickyard Park,8,2,21,2019,2/21/2019,Winter 2019,19-Feb,12,34,24,10,14,17,2,5.999,0,NA,1.526,0,NA,0,38,NA,NA,NA,NA,NA,
HS,HSB,Horseshoe Bay,2,2,21,2019,2/21/2019,Winter 2019,19-Feb,3,21,11,7,4,18.4,2,12.665,0,NA,3.555,0,NA,0,30,NA,NA,NA,NA,NA,
HS,HSB,Horseshoe Bay,3,2,21,2019,2/21/2019,Winter 2019,19-Feb,4,43,40,23,17,25.9,2,19.088,3.582,0.301,5.019,0.521,0.046,11,16,294,36,74,38,Y,
HS,HSB,Horseshoe Bay,4,2,21,2019,2/21/2019,Winter 2019,19-Feb,6,50,67,4,63,16.2,2,6.362,0,NA,1.64,0,NA,0,20,NA,NA,NA,NA,NA,
HS,HSB,Horseshoe Bay,5,2,21,2019,2/21/2019,Winter 2019,19-Feb,8,26,15,1,14,0,2,NA,NA,NA,NA,NA,NA,NA,NA,NA,NA,NA,NA,NA,
HS,HSB,Horseshoe Bay,6,2,21,2019,2/21/2019,Winter 2019,19-Feb,9,39,20,3,17,22.4,2,15.552,1.073,NA,4.37,0.195,NA,7,55,NA,NA,NA,NA,NA,
HS,HSB,Horseshoe Bay,8,2,21,2019,2/21/2019,Winter 2019,19-Feb,11,7,6,1,5,13,2,3.035,0,NA,1.221,0,NA,0,8,NA,NA,NA,NA,NA,
BY,BYP,Brickyard Park,1,3,14,2019,3/14/2019,Winter 2019,19-Mar,2,49,17,3,14,14.2,2,6.223,0,NA,1.672,0,NA,0,36,NA,NA,NA,NA,NA,fucus between 0-5 m on the transect look smaller and less reproductive. Perhaps they're light limited? They are consistently shaded by the cliff
BY,BYP,Brickyard Park,4,3,14,2019,3/14/2019,Winter 2019,19-Mar,7,51,22,7,15,10.6,2,7.632,0,NA,1.518,0,NA,0,33,NA,NA,NA,NA,NA,
BY,BYP,Brickyard Park,5,3,14,2019,3/14/2019,Winter 2019,19-Mar,8,43,14,10,4,19,2,47.082,1.535,NA,10.202,0.216,NA,6,160,NA,NA,NA,NA,NA,
BY,BYP,Brickyard Park,6,3,14,2019,3/14/2019,Winter 2019,19-Mar,9,39,30,16,14,16.6,2,8.028,0.154,NA,2.077,0.028,NA,2,40,NA,NA,NA,NA,NA,
BY,BYP,Brickyard Park,7,3,14,2019,3/14/2019,Winter 2019,19-Mar,11,54,4,3,1,24.3,2,20.578,8.923,0.36,4.469,1.071,0.054,40,55,310,9,9,7,N,
BY,BYP,Brickyard Park,8,3,14,2019,3/14/2019,Winter 2019,19-Mar,12,33,12,7,5,21,2,24.141,4.698,0.398,5.872,0.623,0.069,21,93,276,31,22,16,Y,
BY,BYP,Brickyard Park,9,3,14,2019,3/14/2019,Winter 2019,19-Mar,13,60,12,10,2,24,2,15.832,1.892,NA,3.633,0.29,NA,9,49,NA,NA,NA,NA,NA,
BY,BYP,Brickyard Park,10,3,14,2019,3/14/2019,Winter 2019,19-Mar,15,34,12,9,3,19,2,13.408,0,NA,3.135,0,NA,0,69,NA,NA,NA,NA,NA,
HS,HSB,Horseshoe Bay,2,3,14,2019,3/14/2019,Winter 2019,19-Mar,3,49,18,11,7,25.5,2,12.409,4.068,NA,4.273,0.768,NA,22,58,NA,NA,NA,NA,NA,
HS,HSB,Horseshoe Bay,3,3,14,2019,3/14/2019,Winter 2019,19-Mar,4,31,28,13,15,24.4,2,8.189,2.397,0.33,1.982,0.362,0.042,13,36,320,62,15,75,N,
HS,HSB,Horseshoe Bay,4,3,14,2019,3/14/2019,Winter 2019,19-Mar,5,13,13,1,12,19.2,2,11.398,0.846,NA,3.496,0.169,NA,6,35,NA,NA,NA,NA,NA,
HS,HSB,Horseshoe Bay,5,3,14,2019,3/14/2019,Winter 2019,19-Mar,7,23,13,4,9,20.5,2,12.798,5.606,1.187,3.885,1.069,0.182,19,33,640,70,62,34,N,
HS,HSB,Horseshoe Bay,7,3,14,2019,3/14/2019,Winter 2019,19-Mar,10,70,47,11,36,9.8,2,2.548,0,NA,0.53,0,NA,0,22,NA,NA,NA,NA,NA,
HS,HSB,Horseshoe Bay,8,3,14,2019,3/14/2019,Winter 2019,19-Mar,11,68,15,3,12,18.3,2,19.745,0.05,NA,9.329,0.033,NA,1,34,NA,NA,NA,NA,NA,
ND,PTC,Point Chauncey,4,3,15,2019,3/15/2019,Winter 2019,19-Mar,6,12,15,2,13,17.5,2,4.123,0.298,NA,0.986,0.043,NA,4,20,NA,NA,NA,NA,NA,
ND,PTC,Point Chauncey,6,3,15,2019,3/15/2019,Winter 2019,19-Mar,8,21,12,5,7,15.6,2,6.26,1.544,NA,1.57,0.357,NA,12,37,NA,NA,NA,NA,NA,
ND,PTC,Point Chauncey,8,3,15,2019,3/15/2019,Winter 2019,19-Mar,12,66,65,25,40,23,2,13.35,3.489,0.467,3.491,0.569,0.082,20,87,322,21,9,20,N,
PC,PCY,Paradise Cay,1,3,15,2019,3/15/2019,Winter 2019,19-Mar,1,31,18,8,10,20.9,2,26.924,2.876,0.343,6.675,0.636,0.063,32,180,344,8,23,16,N,
PC,PCY,Paradise Cay,3,3,15,2019,3/15/2019,Winter 2019,19-Mar,4,30,17,11,6,16.6,2,5.613,0,NA,2.223,0,NA,0,48,NA,NA,NA,NA,NA,
PC,PCY,Paradise Cay,4,3,15,2019,3/15/2019,Winter 2019,19-Mar,5,61,25,20,5,22.6,2,7.981,0,NA,2.107,0,NA,0,56,NA,NA,NA,NA,NA,
PC,PCY,Paradise Cay,6,3,15,2019,3/15/2019,Winter 2019,19-Mar,9,25,26,14,12,16,2,12.142,0,NA,2.903,0,NA,0,90,NA,NA,NA,NA,NA,
PC,PCY,Paradise Cay,7,3,15,2019,3/15/2019,Winter 2019,19-Mar,10,34,17,14,3,14.7,2,7.061,0,NA,2.39,0,NA,0,68,NA,NA,NA,NA,NA,
PC,PCY,Paradise Cay,8,3,15,2019,3/15/2019,Winter 2019,19-Mar,11,29,20,10,10,15.1,2,4.555,0.1,NA,1.734,0.026,NA,2,48,NA,NA,NA,NA,NA,
PC,PCY,Paradise Cay,9,3,15,2019,3/15/2019,Winter 2019,19-Mar,13,39,31,16,15,20,2,14.807,0.171,0.112,4.669,0.061,0.043,2,70,94,50,27,39,Y,
PC,PCY,Paradise Cay,10,3,15,2019,3/15/2019,Winter 2019,19-Mar,15,49,31,17,14,13,2,4.361,0.199,0.055,1.826,0.082,0.025,4,47,122,0,0,0,N,
BY,BYP,Brickyard Park,5,4,9,2019,4/9/2019,Spring 2019,19-Apr,8,64,15,11,4,21.2,2,11.135,0,NA,2.613,0,NA,0,4,NA,NA,NA,NA,NA,
BY,BYP,Brickyard Park,6,4,9,2019,4/9/2019,Spring 2019,19-Apr,9,33,22,3,19,19.8,2,26.456,3.367,NA,6.121,0.332,NA,11,123,NA,NA,NA,NA,NA,
BY,BYP,Brickyard Park,7,4,9,2019,4/9/2019,Spring 2019,19-Apr,10,59,16,15,1,19.4,2,32.078,0.646,0.199,7.233,0.092,0.028,5,146,147,24,32,38,N,
BY,BYP,Brickyard Park,9,4,9,2019,4/9/2019,Spring 2019,19-Apr,14,70,14,8,6,24.9,2,17.216,4.274,NA,4.161,0.471,NA,12,72,NA,NA,NA,NA,NA,
HS,HSB,Horseshoe Bay,1,4,9,2019,4/9/2019,Spring 2019,19-Apr,1,34,23,2,21,6,2,2.14,1.52,NA,0.521,0.229,NA,11,20,NA,NA,NA,NA,NA,Appears to be larger and more adult fucus
HS,HSB,Horseshoe Bay,2,4,9,2019,4/9/2019,Spring 2019,19-Apr,3,11,14,11,3,13,2,20.3,9.732,NA,4.257,0.94,NA,24,86,NA,NA,NA,NA,NA,
HS,HSB,Horseshoe Bay,4,4,9,2019,4/9/2019,Spring 2019,19-Apr,5,6,5,0,5,12.5,2,10.947,1.62,NA,2.545,0.245,NA,12,64,NA,NA,NA,NA,NA,
HS,HSB,Horseshoe Bay,6,4,9,2019,4/9/2019,Spring 2019,19-Apr,8,21,12,3,9,9.6,2,3.575,0,NA,0.855,0,NA,0,18,NA,NA,NA,NA,NA,
ND,PTC,Point Chauncey,10,4,11,2019,4/11/2019,Spring 2019,19-Apr,15,6,7,1,6,18.8,2,20.215,8.013,NA,4.246,0.815,NA,26,77,NA,NA,NA,NA,NA,
PC,PCY,Paradise Cay,1,4,11,2019,4/11/2019,Spring 2019,19-Apr,1,29,23,10,13,18.2,2,10.752,0.477,0.318,2.252,0.061,0.039,4,73,152,26,20,17,N,Dense juvenile mat/band formed ~3m above our transect
PC,PCY,Paradise Cay,4,4,11,2019,4/11/2019,Spring 2019,19-Apr,6,40,22,15,7,19.5,2,12.194,0,NA,2.838,0,NA,0,73,NA,NA,NA,NA,NA,
PC,PCY,Paradise Cay,6,4,11,2019,4/11/2019,Spring 2019,19-Apr,9,38,17,9,8,7.8,2,0.88,0,NA,0.293,0,NA,0,12,NA,NA,NA,NA,NA,
PC,PCY,Paradise Cay,8,4,11,2019,4/11/2019,Spring 2019,19-Apr,11,36,26,10,16,19.9,2,23.292,1.819,0.65,4.76,0.212,0.069,11,158,336,10,11,10,Y,
PC,PCY,Paradise Cay,9,4,11,2019,4/11/2019,Spring 2019,19-Apr,12,38,13,10,3,22.6,2,4.695,0.97,NA,1.225,0.105,NA,5,28,NA,NA,NA,NA,NA,
PC,PCY,Paradise Cay,10,4,11,2019,4/11/2019,Spring 2019,19-Apr,14,50,24,16,8,12.8,2,10.043,0,NA,2.607,0,NA,0,64,NA,NA,NA,NA,NA,
BY,BYP,Brickyard Park,2,5,8,2019,5/8/2019,Spring 2019,19-May,3,55,32,8,24,12.1,2,2.031,0,NA,0.675,0,NA,0,10,NA,NA,NA,NA,NA,
BY,BYP,Brickyard Park,4,5,8,2019,5/8/2019,Spring 2019,19-May,7,32,9,7,2,15.9,2,18.527,10.124,0.463,4.394,1.282,0.05,47,87,340,2,0,1,Y,
BY,BYP,Brickyard Park,6,5,8,2019,5/8/2019,Spring 2019,19-May,9,27,41,6,35,25.2,2,10.991,0.416,NA,3.193,0.101,NA,8,73,NA,NA,NA,NA,NA,
ND,PTC,Point Chauncey,1,5,9,2019,5/9/2019,Spring 2019,19-May,1,25,16,4,12,13,2,4.24,13.643,NA,1.043,1.299,NA,39,7,NA,NA,NA,NA,NA,Tons of ulva. Lots of shore crabs. New juvenile fucus band formed about 1m above our transect and it ~1m x 20m
ND,PTC,Point Chauncey,2,5,9,2019,5/9/2019,Spring 2019,19-May,3,39,29,7,22,13,2,9.943,3.154,0.163,2.221,0.413,0.025,21,37,168,0,0,0,NA,
ND,PTC,Point Chauncey,3,5,9,2019,5/9/2019,Spring 2019,19-May,4,79,100,18,82,14.5,2,9.046,19.092,NA,2.268,2,NA,46,32,NA,NA,NA,NA,NA,
ND,PTC,Point Chauncey,4,5,9,2019,5/9/2019,Spring 2019,19-May,5,20,20,6,14,14.4,2,11.53,11.116,NA,3.001,1.498,NA,28,27,NA,NA,NA,NA,NA,
PC,PCY,Paradise Cay,1,5,9,2019,5/9/2019,Spring 2019,19-May,1,32,15,7,8,9.1,2,1.782,0,NA,0.502,0,NA,0,22,NA,NA,NA,NA,NA,Juvenile fucus band formed about 1-5m above transect and runs at least the length of our transect
BY,BYP,Brickyard Park,9,6,8,2019,6/8/2019,Spring 2019,19-Jun,12,13,4,3,1,13.5,2,36.311,7.144,0.278,8.397,0.976,0.043,43,120,227,6,2,4,Y,
BY,BYP,Brickyard Park,10,6,8,2019,6/8/2019,Spring 2019,19-Jun,14,17,6,4,2,15.5,2,78.221,50.01,1.539,19.539,6.929,0.158,178,273,374,4,1,12,Y,
PC,PCY,Paradise Cay,2,6,9,2019,6/9/2019,Spring 2019,19-Jun,4,4,3,0,3,9.3,2,3.083,1.193,NA,1.069,0.286,NA,13,34,NA,NA,NA,NA,NA,
BY,BYP,Brickyard Park,4,7,20,2019,7/20/2019,Summer 2019,19-Jul,6,7,11,1,10,20.5,2,23.088,1.963,NA,6.257,0.446,0.085,15,43,222,0,0,0,NA,
BY,BYP,Brickyard Park,5,7,20,2019,7/20/2019,Summer 2019,19-Jul,7,4,10,1,9,12.9,2,3.147,0,NA,0.784,0,NA,0,16,NA,NA,NA,NA,NA,
HS,HSB,Horseshoe Bay,5,7,20,2019,7/20/2019,Summer 2019,19-Jul,7,42,24,13,11,27.6,2,51.083,45.227,0.423,9.878,4.758,0.056,112,117,364,25,20,16,Y,
ND,PTC,Point Chauncey,2,7,21,2019,7/21/2019,Summer 2019,19-Jul,2,5,3,1,2,14.5,2,2.34,1.975,NA,0.665,0.336,NA,5,6,NA,NA,NA,NA,NA,
PC,PCY,Paradise Cay,1,7,21,2019,7/21/2019,Summer 2019,19-Jul,2,43,199,12,187,14.8,2,7.01,0,NA,1.688,0,NA,0,39,NA,NA,NA,NA,NA,
BY,BYP,Brickyard Park,2,8,4,2019,8/4/2019,Summer 2019,19-Aug,3,24,112,3,109,21.2,2,15.326,5.002,0.329,3.74,0.681,0.056,29,86,192,20,33,20,Y,
BY,BYP,Brickyard Park,9,8,4,2019,8/4/2019,Summer 2019,19-Aug,10,8,3,2,1,35,2,21.03,14.445,0.505,5.426,2.126,0.075,63,79,122,1,1,2,NA,
HS,HSB,Horseshoe Bay,1,8,4,2019,8/4/2019,Summer 2019,19-Aug,1,19,30,6,24,24.1,2,12.655,11.84,NA,2.94,1.439,NA,44,39,NA,NA,NA,NA,NA,
HS,HSB,Horseshoe Bay,6,8,4,2019,8/4/2019,Summer 2019,19-Aug,9,13,16,0,16,14.5,2,8.499,4.757,0.424,1.836,0.667,0.053,23,33,112,26,12,6,N,
HS,HSB,Horseshoe Bay,7,8,4,2019,8/4/2019,Summer 2019,19-Aug,10,6,5,1,4,18.5,2,28.666,8.741,NA,6.435,1.109,NA,34,32,NA,NA,NA,NA,NA,
ND,PTC,Point Chauncey,2,8,4,2019,8/4/2019,Summer 2019,19-Aug,3,16,28,1,27,12.9,2,5.296,1.585,NA,1.163,0.221,NA,7,20,NA,NA,NA,NA,NA,
ND,PTC,Point Chauncey,3,8,4,2019,8/4/2019,Summer 2019,19-Aug,4,49,5,1,4,17,2,5.393,10.126,NA,1.68,1.462,NA,30,5,NA,NA,NA,NA,NA,
ND,PTC,Point Chauncey,6,8,4,2019,8/4/2019,Summer 2019,19-Aug,8,16,25,4,21,20.5,2,7.319,15.904,NA,1.732,2.261,NA,49,8,NA,NA,NA,NA,NA,
PC,PCY,Paradise Cay,9,8,4,2019,8/4/2019,Summer 2019,19-Aug,14,41,78,42,36,19,2,24.906,6.788,0.346,5.487,0.876,0.046,23,94,102,0,0,0,NA,
PC,PCY,Paradise Cay,4,9,12,2019,9/12/2019,Summer 2019,19-Sep,6,12,16,0,16,NA,2,NA,NA,NA,NA,NA,NA,NA,NA,NA,NA,NA,NA,NA,
ND,PTC,Point Chauncey,1,6,14,2018,6/14/2018,Spring 2018,18-Jun,1,19,28,NA,NA,NA,3,4.093,3.238,NA,0.934,0.311,NA,NA,NA,NA,NA,NA,NA,NA,"Oberved ulva, sargasum wrack, large rockweed isopod, limpet, turf algae, 2 seals in the water, 3 very small limpets, and mascro (?)"
ND,PTC,Point Chauncey,2,6,14,2018,6/14/2018,Spring 2018,18-Jun,2,61,60,NA,NA,NA,3,9.249,21.784,NA,2.218,2.604,NA,NA,NA,NA,NA,NA,NA,NA,
ND,PTC,Point Chauncey,3,6,14,2018,6/14/2018,Spring 2018,18-Jun,3,25,23,NA,NA,NA,3,7.486,29.186,NA,1.926,3.162,NA,NA,NA,NA,NA,NA,NA,NA,
ND,PTC,Point Chauncey,4,6,14,2018,6/14/2018,Spring 2018,18-Jun,4,81,88,NA,NA,NA,3,12.527,15.333,0.808,3.388,1.583,0.1,67,53,267,48,39,73,N,
ND,PTC,Point Chauncey,5,6,14,2018,6/14/2018,Spring 2018,18-Jun,5,13,11,NA,NA,NA,3,25.525,40.507,NA,5.913,5.005,NA,NA,NA,NA,NA,NA,NA,NA,
ND,PTC,Point Chauncey,6,6,14,2018,6/14/2018,Spring 2018,18-Jun,9,96,84,NA,NA,NA,3,5.019,7.597,NA,1.571,0.852,NA,NA,NA,NA,NA,NA,NA,NA,
ND,PTC,Point Chauncey,7,6,14,2018,6/14/2018,Spring 2018,18-Jun,11,47,173,NA,NA,NA,3,17.099,30.955,NA,3.889,3.207,NA,NA,NA,NA,NA,NA,NA,NA,Lots of sporling thalli dominating density count
ND,PTC,Point Chauncey,8,6,14,2018,6/14/2018,Spring 2018,18-Jun,12,16,7,NA,NA,NA,3,18.437,0.735,1.567,1.608,0.128,0.037,7,59,213,25,11,20,N,No sporlings
ND,PTC,Point Chauncey,9,6,14,2018,6/14/2018,Spring 2018,18-Jun,13,17,14,NA,NA,NA,3,2.185,5.582,0.647,3.399,0.714,0.077,24,73,244,68,58,62,N,
PC,PCY,Paradise Cay,1,6,14,2018,6/14/2018,Spring 2018,18-Jun,2,55,31,NA,NA,NA,3,45.743,48.342,1.692,10.84,6.227,0.195,128,118,224,88,50,68,N,Didn't observe any rockweed isopods during this survey
PC,PCY,Paradise Cay,2,6,14,2018,6/14/2018,Spring 2018,18-Jun,3,79,43,NA,NA,NA,3,12.615,0,NA,2.653,0,NA,NA,NA,NA,NA,NA,NA,NA,
PC,PCY,Paradise Cay,3,6,14,2018,6/14/2018,Spring 2018,18-Jun,4,70,31,NA,NA,NA,3,0.749,0,NA,0.144,0,NA,NA,NA,NA,NA,NA,NA,NA,
PC,PCY,Paradise Cay,4,6,14,2018,6/14/2018,Spring 2018,18-Jun,5,11,7,NA,NA,NA,3,2.931,0,NA,0.579,0,NA,NA,NA,NA,NA,NA,NA,NA,
PC,PCY,Paradise Cay,5,6,14,2018,6/14/2018,Spring 2018,18-Jun,8,48,26,NA,NA,NA,3,12.007,5.58,0.549,2.79,0.715,0.07,29,70,168,21,45,67,N,
PC,PCY,Paradise Cay,7,6,14,2018,6/14/2018,Spring 2018,18-Jun,12,10,5,NA,NA,NA,3,17.345,20.764,0.795,3.697,2.801,0.115,89,45,358,24,55,30,N,
PC,PCY,Paradise Cay,10,6,14,2018,6/14/2018,Spring 2018,18-Jun,15,32,18,NA,NA,NA,3,58.586,48.387,NA,12.938,5.87,NA,NA,NA,NA,NA,NA,NA,NA,
HS,HSB,Horseshoe Bay,1,6,15,2018,6/15/2018,Spring 2018,18-Jun,2,22,25,NA,NA,NA,3,10.33,9.629,NA,2.018,1.386,NA,NA,NA,NA,NA,NA,NA,NA,
HS,HSB,Horseshoe Bay,4,6,15,2018,6/15/2018,Spring 2018,18-Jun,7,75,75,NA,NA,NA,3,1.875,0,NA,0.354,0,NA,0,9,NA,NA,NA,NA,NA,
HS,HSB,Horseshoe Bay,5,6,15,2018,6/15/2018,Spring 2018,18-Jun,8,64,78,NA,NA,NA,3,6.931,5.013,1.087,1.419,0.655,0.116,3,12,456,15,39,34,N,Limpet attached to collected thalli
BY,BYP,Brickyard Park,2,7,16,2018,7/16/2018,Summer 2018,18-Jul,2,82,98,13,85,NA,3,8.404,0.569,0.116,2.154,0.132,0.028,8,62,12,1,0,0,N,
BY,BYP,Brickyard Park,4,7,16,2018,7/16/2018,Summer 2018,18-Jul,4,81,288,28,260,NA,3,5.535,0,NA,1.532,0,NA,0,51,NA,NA,NA,NA,NA,
BY,BYP,Brickyard Park,5,7,16,2018,7/16/2018,Summer 2018,18-Jul,5,54,72,15,57,NA,3,1.277,0,NA,0.382,0,NA,0,13,NA,NA,NA,NA,NA,
BY,BYP,Brickyard Park,7,7,16,2018,7/16/2018,Summer 2018,18-Jul,9,87,216,16,200,NA,3,7.29,0.202,NA,1.832,0.051,NA,2,56,NA,NA,NA,NA,NA,estimate small fucus = 200+
HS,HSB,Horseshoe Bay,4,7,16,2018,7/16/2018,Summer 2018,18-Jul,8,96,115,30,85,NA,3,6.012,0,NA,1.399,0,NA,0,28,NA,NA,NA,NA,NA,
ND,PTC,Point Chauncey,2,7,17,2018,7/17/2018,Summer 2018,18-Jul,2,52,114,16,98,NA,3,29.535,11.49,0.993,9.206,1.766,0.117,51,136,244,73,55,42,Y,large rockweed isopod
ND,PTC,Point Chauncey,7,7,17,2018,7/17/2018,Summer 2018,18-Jul,9,74,223,23,200,NA,3,8.087,9.8,1.053,3.184,1.649,0.167,37,54,314,221,9,23,N,estimate small fucus = 200+
PC,PCY,Paradise Cay,2,7,17,2018,7/17/2018,Summer 2018,18-Jul,3,22,27,4,23,NA,3,3.864,0,NA,1.341,0,NA,0,24,NA,NA,NA,NA,NA,
BY,BYP,Brickyard Park,1,8,6,2018,8/6/2018,Summer 2018,18-Aug,3,45,203,3,200,NA,3,20.18,0.247,0.247,3.59,0.043,0.043,2,135,190,15,18,1,N,estimate small fucus = 200+; 3 spiders and webs in fucus bed. Dead shore crab
BY,BYP,Brickyard Park,5,8,6,2018,8/6/2018,Summer 2018,18-Aug,7,8,5,3,2,NA,3,13.198,4.73,0.335,4.157,1.323,0.074,27,80,446,4,26,7,N,very dry thalli
ND,PTC,Point Chauncey,1,8,7,2018,8/7/2018,Summer 2018,18-Aug,2,41,58,32,26,NA,3,18.265,11.69,0.491,4.57,1.409,0.065,42,80,182,17,18,1,NA,
ND,PTC,Point Chauncey,2,8,7,2018,8/7/2018,Summer 2018,18-Aug,3,63,127,25,102,NA,3,7.533,5.855,NA,2.102,0.832,NA,25,37,NA,NA,NA,NA,NA,
ND,PTC,Point Chauncey,3,8,7,2018,8/7/2018,Summer 2018,18-Aug,4,31,62,14,48,NA,3,18.455,34.706,NA,5.173,4.889,NA,138,61,NA,NA,NA,NA,NA,
ND,PTC,Point Chauncey,4,8,7,2018,8/7/2018,Summer 2018,18-Aug,6,4,6,2,4,NA,3,3.758,7.806,NA,1.243,1.338,NA,25,12,NA,NA,NA,NA,NA,
ND,PTC,Point Chauncey,5,8,7,2018,8/7/2018,Summer 2018,18-Aug,7,40,286,46,240,NA,3,9.054,0,NA,2.106,0,NA,52,0,NA,NA,NA,NA,NA,
ND,PTC,Point Chauncey,6,8,7,2018,8/7/2018,Summer 2018,18-Aug,8,59,101,31,70,NA,3,7.312,4.09,0.456,1.836,0.579,0.073,18,61,246,7,16,12,NA,
ND,PTC,Point Chauncey,7,8,7,2018,8/7/2018,Summer 2018,18-Aug,9,71,222,43,179,NA,3,10.709,5.703,0.507,2.934,0.809,0.062,27,58,192,20,27,12,NA,
BY,BYP,Brickyard Park,4,9,10,2018,9/10/2018,Summer 2018,18-Sep,6,70,27,9,18,NA,3,16.287,0.735,NA,3.561,0.119,NA,3,48,NA,NA,NA,NA,NA,large adult thalli in quadrat
HS,HSB,Horseshoe Bay,9,9,10,2018,9/10/2018,Summer 2018,18-Sep,14,51,24,11,13,NA,3,25.062,16.398,1.109,4.704,NA,0.161,47,83,484,55,55,38,Y,
ND,PTC,Point Chauncey,1,9,11,2018,9/11/2018,Summer 2018,18-Sep,2,46,107,7,100,NA,3,5.767,13.73,NA,1.486,1.857,NA,24,19,NA,NA,NA,NA,NA,
ND,PTC,Point Chauncey,2,9,11,2018,9/11/2018,Summer 2018,18-Sep,3,70,71,6,65,NA,3,6.295,7.09,0.698,1.608,1.074,0.065,20,28,198,13,0,1,N,
ND,PTC,Point Chauncey,7,9,11,2018,9/11/2018,Summer 2018,18-Sep,12,56,351,8,343,NA,3,3.712,5.214,0.744,0.94,0.763,0.096,16,20,144,26,16,24,N,
PC,PCY,Paradise Cay,1,9,11,2018,9/11/2018,Summer 2018,18-Sep,1,84,100,5,95,NA,3,9.181,3.433,NA,2.215,0.497,NA,14,35,NA,NA,NA,NA,NA,"larger band of fucus, seems to be much more fucus overall"
BY,BYP,Brickyard Park,10,10,9,2018,10/9/2018,Fall 2018,18-Oct,14,86,46,29,17,22.1,3,85.47,50.485,NA,18.886,7.435,NA,158,226,NA,NA,NA,NA,NA,
HS,HSB,Horseshoe Bay,7,10,9,2018,10/9/2018,Fall 2018,18-Oct,11,45,40,6,34,7.8,3,11.231,19.727,NA,2.684,3.182,NA,45,27,NA,NA,NA,NA,NA,
HS,HSB,Horseshoe Bay,8,10,9,2018,10/9/2018,Fall 2018,18-Oct,12,32,10,3,7,4.6,3,15.343,54.47,NA,3.855,8.43,NA,98,31,NA,NA,NA,NA,NA,
ND,PTC,Point Chauncey,1,10,10,2018,10/10/2018,Fall 2018,18-Oct,2,76,74,9,65,18.8,3,5.089,14.897,NA,1.409,2.089,NA,29,14,NA,NA,NA,NA,NA,
ND,PTC,Point Chauncey,5,10,10,2018,10/10/2018,Fall 2018,18-Oct,9,24,52,5,47,17.8,3,9.274,31.001,NA,2.268,3.99,NA,73,33,NA,NA,NA,NA,NA,
BY,BYP,Brickyard Park,3,11,6,2018,11/6/2018,Fall 2018,18-Nov,6,66,26,13,13,18.5,3,10.102,1.516,NA,2.497,0.278,NA,13,44,NA,NA,NA,NA,NA,
BY,BYP,Brickyard Park,5,11,6,2018,11/6/2018,Fall 2018,18-Nov,8,51,33,9,24,24.2,3,40.555,51.629,NA,12.004,8.576,NA,175,92,NA,NA,NA,NA,NA,
BY,BYP,Brickyard Park,8,11,6,2018,11/6/2018,Fall 2018,18-Nov,13,96,48,4,44,15.6,3,5.78,1.351,NA,1.482,0.218,NA,10,27,NA,NA,NA,NA,NA,
BY,BYP,Brickyard Park,9,11,6,2018,11/6/2018,Fall 2018,18-Nov,14,79,21,18,3,20.7,3,50.357,27.216,0.725,13.387,5.177,0.142,122,156,378,5,44,36,N,
HS,HSB,Horseshoe Bay,3,11,6,2018,11/6/2018,Fall 2018,18-Nov,4,67,30,17,13,16.8,3,10.027,36.371,1.452,2.639,5.704,0.228,90,26,564,39,81,34,Y,
HS,HSB,Horseshoe Bay,4,11,6,2018,11/6/2018,Fall 2018,18-Nov,8,89,44,27,17,18.8,3,7.471,7.614,NA,1.782,1.149,NA,30,13,NA,NA,NA,NA,NA,
HS,HSB,Horseshoe Bay,5,11,6,2018,11/6/2018,Fall 2018,18-Nov,10,28,19,6,13,28.3,3,17.741,26.556,NA,4.549,4.099,NA,47,50,NA,NA,NA,NA,NA,
HS,HSB,Horseshoe Bay,6,12,4,2018,12/4/2018,Fall 2018,18-Dec,10,18,6,2,4,16.4,3,6.462,11.066,NA,2.011,2.191,NA,29,13,NA,NA,NA,NA,NA,
HS,HSB,Horseshoe Bay,8,12,4,2018,12/4/2018,Fall 2018,18-Dec,13,20,11,4,7,20.4,3,9.735,5.55,NA,3.018,1.006,NA,12,6,NA,NA,NA,NA,NA,
HS,HSB,Horseshoe Bay,9,12,4,2018,12/4/2018,Fall 2018,18-Dec,14,37,18,10,8,18.5,3,4.729,11.271,NA,1.644,1.93,NA,32,4,NA,NA,NA,NA,NA,
HS,HSB,Horseshoe Bay,10,12,4,2018,12/4/2018,Fall 2018,18-Dec,15,28,14,3,11,12.3,3,6.674,1.827,NA,1.664,0.322,NA,8,31,NA,NA,NA,NA,NA,
ND,PTC,Point Chauncey,1,12,5,2018,12/5/2018,Fall 2018,18-Dec,1,27,23,7,16,14.5,3,4.919,6.956,NA,1.18,0.964,NA,27,14,NA,NA,NA,NA,NA,
ND,PTC,Point Chauncey,2,12,5,2018,12/5/2018,Fall 2018,18-Dec,3,42,28,4,24,13.1,3,4.223,12.043,0.492,1.061,1.687,0.065,48,9,324,63,64,0,Y,
ND,PTC,Point Chauncey,3,12,5,2018,12/5/2018,Fall 2018,18-Dec,4,39,28,5,23,17.5,3,2.469,0,NA,0.493,0,NA,0,13,NA,NA,NA,NA,NA,
ND,PTC,Point Chauncey,4,12,5,2018,12/5/2018,Fall 2018,18-Dec,5,19,13,5,8,20,3,11.802,5.325,NA,3.062,0.689,NA,17,40,NA,NA,NA,NA,NA,
PC,PCY,Paradise Cay,2,12,5,2018,12/5/2018,Fall 2018,18-Dec,4,29,18,9,9,21.7,3,8.859,10.96,0.309,2.196,1.395,0.048,31,37,450,64,34,51,Y,
PC,PCY,Paradise Cay,3,12,5,2018,12/5/2018,Fall 2018,18-Dec,5,53,40,20,20,22.6,3,13.754,12.402,0.814,3.657,1.934,0.111,55,46,408,45,37,45,N,
PC,PCY,Paradise Cay,4,12,5,2018,12/5/2018,Fall 2018,18-Dec,6,28,23,4,19,16.8,3,16.077,2.16,NA,3.775,0.294,NA,11,73,NA,NA,NA,NA,NA,
PC,PCY,Paradise Cay,6,12,5,2018,12/5/2018,Fall 2018,18-Dec,9,44,29,12,17,19.9,3,23.453,21.412,NA,4.849,2.704,NA,84,63,NA,NA,NA,NA,NA,
PC,PCY,Paradise Cay,7,12,5,2018,12/5/2018,Fall 2018,18-Dec,10,67,28,8,20,23.1,3,40.828,37.51,NA,8.652,4.566,NA,222,126,NA,NA,NA,NA,NA,
PC,PCY,Paradise Cay,8,12,5,2018,12/5/2018,Fall 2018,18-Dec,12,29,26,8,18,17.9,3,6.075,1.004,NA,1.409,0.127,NA,8,22,NA,NA,NA,NA,NA,
ND,PTC,Point Chauncey,1,1,30,2019,1/30/2019,Winter 2019,19-Jan,2,25,22,1,21,14.4,3,3.698,0.371,0.336,0.949,0.052,0.052,2,23,338,0,0,18,N,
ND,PTC,Point Chauncey,3,1,30,2019,1/30/2019,Winter 2019,19-Jan,5,0,11,4,7,13.2,3,4.02,0.631,NA,1.356,0.157,NA,6,21,NA,NA,NA,NA,NA,
ND,PTC,Point Chauncey,4,1,30,2019,1/30/2019,Winter 2019,19-Jan,7,4,1,0,1,14.2,3,6.101,0.314,NA,1.6,0.061,NA,20,26,NA,NA,NA,NA,NA,
ND,PTC,Point Chauncey,5,1,30,2019,1/30/2019,Winter 2019,19-Jan,8,35,43,36,7,18,3,8.018,11.56,NA,2.231,1.441,NA,3,11,NA,NA,NA,NA,NA,
ND,PTC,Point Chauncey,9,1,30,2019,1/30/2019,Winter 2019,19-Jan,14,3,5,1,4,16.6,3,6.613,0.414,NA,2.021,0.074,NA,4,60,NA,NA,NA,NA,NA,
PC,PCY,Paradise Cay,4,1,30,2019,1/30/2019,Winter 2019,19-Jan,7,35,31,4,27,17.1,3,6,0.847,NA,1.48,0.108,NA,3,30,NA,NA,NA,NA,NA,
PC,PCY,Paradise Cay,7,1,30,2019,1/30/2019,Winter 2019,19-Jan,11,48,19,9,10,20.9,3,11.649,4.53,0.379,2.904,0.56,0.063,16,58,390,21,59,41,Y,
PC,PCY,Paradise Cay,8,1,30,2019,1/30/2019,Winter 2019,19-Jan,13,39,15,2,13,15.9,3,4.318,0,NA,1.129,0,NA,0,28,NA,NA,NA,NA,NA,
PC,PCY,Paradise Cay,9,1,30,2019,1/30/2019,Winter 2019,19-Jan,14,43,15,1,14,21.3,3,8.305,0.368,NA,2.269,0.05,NA,2,45,NA,NA,NA,NA,NA,
PC,PCY,Paradise Cay,10,1,30,2019,1/30/2019,Winter 2019,19-Jan,15,80,18,9,9,21.1,3,17.385,3.164,NA,4.498,0.453,NA,22,68,NA,NA,NA,NA,NA,
BY,BYP,Brickyard Park,6,1,31,2019,1/31/2019,Winter 2019,19-Jan,8,58,19,7,12,24.5,3,22.679,3.995,1.654,6.068,0.427,0.139,11,78,247,140,140,81,NA,
HS,HSB,Horseshoe Bay,1,1,31,2019,1/31/2019,Winter 2019,19-Jan,1,2,1,1,0,24.1,3,9.775,2.481,NA,2.968,0.432,NA,11,32,NA,NA,NA,NA,NA,
HS,HSB,Horseshoe Bay,4,1,31,2019,1/31/2019,Winter 2019,19-Jan,6,15,8,2,6,18,3,16.796,12.181,NA,4.536,1.989,NA,62,89,NA,NA,NA,NA,NA,
HS,HSB,Horseshoe Bay,6,1,31,2019,1/31/2019,Winter 2019,19-Jan,10,68,31,26,5,26.1,3,10.979,0.415,NA,3.197,0.079,NA,4,75,NA,NA,NA,NA,NA,
ND,PTC,Point Chauncey,6,2,20,2019,2/20/2019,Winter 2019,19-Feb,9,0,0,0,0,21.8,3,19.058,0.601,NA,4.198,0.083,NA,3,0,NA,NA,NA,NA,NA,
PC,PCY,Paradise Cay,1,2,20,2019,2/20/2019,Winter 2019,19-Feb,2,65,29,20,9,17.6,3,3.813,0.378,NA,1.024,0.061,NA,2,38,NA,NA,NA,NA,NA,
PC,PCY,Paradise Cay,2,2,20,2019,2/20/2019,Winter 2019,19-Feb,3,50,34,19,15,23.1,3,14.439,5.391,0.605,3.237,0.633,0.07,31,51,422,80,59,46,Y,
PC,PCY,Paradise Cay,3,2,20,2019,2/20/2019,Winter 2019,19-Feb,4,14,9,3,6,9.3,3,1.261,0,NA,0.277,0,NA,0,13,NA,NA,NA,NA,NA,
PC,PCY,Paradise Cay,7,2,20,2019,2/20/2019,Winter 2019,19-Feb,10,43,23,12,11,15.4,3,7.667,0.36,NA,1.662,0.038,NA,2,53,NA,NA,NA,NA,NA,
PC,PCY,Paradise Cay,10,2,20,2019,2/20/2019,Winter 2019,19-Feb,14,86,45,25,20,23.1,3,20.683,2.509,0.262,4.377,0.315,0.031,20,NA,166,34,0,7,Y,
BY,BYP,Brickyard Park,9,2,21,2019,2/21/2019,Winter 2019,19-Feb,14,58,14,12,2,26,3,37.068,5.188,0.225,10.527,0.835,0.042,33,104,306,23,29,24,Y,
BY,BYP,Brickyard Park,10,2,21,2019,2/21/2019,Winter 2019,19-Feb,15,67,21,16,5,10,3,8.838,0,NA,2.331,0,NA,0,47,NA,NA,NA,NA,NA,
HS,HSB,Horseshoe Bay,1,2,21,2019,2/21/2019,Winter 2019,19-Feb,1,20,10,2,8,8.5,3,1.985,0.652,NA,0.535,0.087,NA,6,19,NA,NA,NA,NA,NA,
HS,HSB,Horseshoe Bay,7,2,21,2019,2/21/2019,Winter 2019,19-Feb,10,41,23,3,20,26.2,3,12.861,0.564,0.09,3.456,0.114,0.017,5,28,124,37,29,31,Y,
BY,BYP,Brickyard Park,3,3,14,2019,3/14/2019,Winter 2019,19-Mar,4,44,22,7,15,22.1,3,19.971,4.628,0.608,5,0.617,0.086,15,101,434,80,29,60,Y,
HS,HSB,Horseshoe Bay,1,3,14,2019,3/14/2019,Winter 2019,19-Mar,1,33,15,0,15,18.2,3,7.988,0.273,NA,2.909,0.102,NA,3,67,NA,NA,NA,NA,NA,Fucus are crispy/dry which makes it more difficult to count. Receptacles appear extra swollen --> from the heat?
HS,HSB,Horseshoe Bay,6,3,14,2019,3/14/2019,Winter 2019,19-Mar,9,93,52,36,16,20,3,9.023,4.592,0.515,2.008,0.662,0.069,22,44,352,29,36,30,Y,
PC,PCY,Paradise Cay,2,3,15,2019,3/15/2019,Winter 2019,19-Mar,3,47,18,10,8,16.5,3,14.898,0.639,NA,4.457,0.199,NA,12,112,NA,NA,NA,NA,NA,
PC,PCY,Paradise Cay,5,3,15,2019,3/15/2019,Winter 2019,19-Mar,7,37,14,12,2,19.5,3,6.844,0.235,NA,3.342,0.095,NA,6,34,NA,NA,NA,NA,NA,
BY,BYP,Brickyard Park,1,4,9,2019,4/9/2019,Spring 2019,19-Apr,2,56,17,8,9,21.8,3,23.866,2.119,NA,5.649,0.255,NA,9,109,NA,NA,NA,NA,NA,
BY,BYP,Brickyard Park,8,4,9,2019,4/9/2019,Spring 2019,19-Apr,12,71,14,9,5,25.5,3,18.075,6.796,1.557,3.941,0.494,0.118,10,84,414,35,18,33,Y,
HS,HSB,Horseshoe Bay,5,4,9,2019,4/9/2019,Spring 2019,19-Apr,7,89,36,12,24,23.6,3,29.177,79.313,NA,6.525,6.503,NA,103,42,NA,NA,NA,NA,NA,
HS,HSB,Horseshoe Bay,7,4,9,2019,4/9/2019,Spring 2019,19-Apr,10,41,37,10,27,12.1,3,5.778,3.561,0.56,1.18,0.375,0.059,18,42,448,85,32,11,Y,
ND,PTC,Point Chauncey,3,4,11,2019,4/11/2019,Spring 2019,19-Apr,4,20,21,6,15,15,3,7.551,0.144,NA,1.652,0.029,NA,2,28,NA,NA,NA,NA,NA,
ND,PTC,Point Chauncey,7,4,11,2019,4/11/2019,Spring 2019,19-Apr,11,43,77,23,54,9.5,3,3.79,0.897,NA,1.043,0.168,NA,8,28,NA,NA,NA,NA,NA,
PC,PCY,Paradise Cay,2,4,11,2019,4/11/2019,Spring 2019,19-Apr,3,39,17,11,6,23.6,3,30.578,0.797,NA,7.715,0.125,NA,7,175,NA,NA,NA,NA,NA,
PC,PCY,Paradise Cay,3,4,11,2019,4/11/2019,Spring 2019,19-Apr,4,37,17,10,7,21.9,3,38.496,7.066,NA,7.963,0.583,NA,16,222,NA,NA,NA,NA,NA,
PC,PCY,Paradise Cay,7,4,11,2019,4/11/2019,Spring 2019,19-Apr,10,51,19,11,8,21.3,3,15.082,0.463,NA,3.224,0.06,NA,4,100,NA,NA,NA,NA,NA,
BY,BYP,Brickyard Park,1,5,8,2019,5/8/2019,Spring 2019,19-May,2,41,14,6,8,12.1,3,6.76,0.382,NA,1.828,0.072,NA,4,57,NA,NA,NA,NA,NA,speckled isopod
BY,BYP,Brickyard Park,7,5,8,2019,5/8/2019,Spring 2019,19-May,10,53,8,6,2,19.6,3,44.012,2.894,0.241,10.01,0.414,0.04,19,210,268,0,0,0,NA,
BY,BYP,Brickyard Park,8,5,8,2019,5/8/2019,Spring 2019,19-May,12,60,16,9,7,22.6,3,38.8,2.037,NA,9.13,0.326,NA,17,207,NA,NA,NA,NA,NA,
PC,PCY,Paradise Cay,2,5,9,2019,5/9/2019,Spring 2019,19-May,4,4,0,0,0,14.2,3,10.59,2.678,NA,2.833,0.411,NA,20,64,NA,NA,NA,NA,NA,
BY,BYP,Brickyard Park,8,6,8,2019,6/8/2019,Spring 2019,19-Jun,11,30,9,3,6,18.8,3,89,56.389,NA,19.006,6.034,NA,210,312,NA,NA,NA,NA,NA,
ND,PTC,Point Chauncey,1,6,9,2019,6/9/2019,Spring 2019,19-Jun,1,12,8,5,3,14.8,3,3.136,24.327,1.327,0.938,1.983,0.102,38,5,176,12,16,14,Y,hot out
ND,PTC,Point Chauncey,2,6,9,2019,6/9/2019,Spring 2019,19-Jun,3,3,3,1,2,8.2,3,2.58,0,NA,0.561,0,NA,0,15,NA,NA,NA,NA,NA,
ND,PTC,Point Chauncey,3,6,9,2019,6/9/2019,Spring 2019,19-Jun,5,48,39,12,27,14.2,3,5.243,11.039,0.824,1.29,0.927,0.075,22,26,270,10,15,9,Y,
ND,PTC,Point Chauncey,5,6,9,2019,6/9/2019,Spring 2019,19-Jun,7,25,23,7,16,24.1,3,14.074,24.377,NA,3.95,3.401,NA,79,42,NA,NA,NA,NA,NA,
ND,PTC,Point Chauncey,6,6,9,2019,6/9/2019,Spring 2019,19-Jun,8,6,3,1,2,15.1,3,8.724,16.932,NA,2.3,2.196,NA,45,30,NA,NA,NA,NA,NA,
ND,PTC,Point Chauncey,10,6,9,2019,6/9/2019,Spring 2019,19-Jun,15,3,2,1,1,18.1,3,10.807,36.283,NA,2.891,3.506,NA,91,28,NA,NA,NA,NA,NA,
BY,BYP,Brickyard Park,7,7,20,2019,7/20/2019,Summer 2019,19-Jul,10,10,8,4,4,18.2,3,11.822,0,NA,2.537,0,NA,0,82,NA,NA,NA,NA,NA,
HS,HSB,Horseshoe Bay,4,7,20,2019,7/20/2019,Summer 2019,19-Jul,5,38,18,14,4,32.3,3,59.228,28.653,NA,12.126,4.009,NA,107,127,NA,NA,NA,NA,NA,
ND,PTC,Point Chauncey,1,7,21,2019,7/21/2019,Summer 2019,19-Jul,1,13,17,2,15,21.5,3,11.554,35.261,NA,3.142,4.977,NA,69,17,NA,NA,NA,NA,NA,
ND,PTC,Point Chauncey,3,7,21,2019,7/21/2019,Summer 2019,19-Jul,3,21,32,5,27,13,3,5.786,1.851,NA,1.491,0.33,NA,8,19,NA,NA,NA,NA,NA,
ND,PTC,Point Chauncey,7,7,21,2019,7/21/2019,Summer 2019,19-Jul,10,46,80,6,74,17,3,1.818,9.442,1.292,0.621,1.274,0.146,11,0,234,25,27,14,N,
HS,HSB,Horseshoe Bay,4,8,4,2019,8/4/2019,Summer 2019,19-Aug,5,42,30,7,23,24.5,3,22.086,38.385,1.044,5.209,4.911,0.141,92,32,378,50,27,55,Y,
ND,PTC,Point Chauncey,7,8,4,2019,8/4/2019,Summer 2019,19-Aug,10,24,57,2,55,13.8,3,8.008,3.294,NA,1.921,0.615,NA,13,51,NA,NA,NA,NA,NA,
BY,BYP,Brickyard Park,8,9,12,2019,9/12/2019,Summer 2019,19-Sep,12,16,40,2,38,NA,3,NA,NA,NA,NA,NA,NA,NA,NA,NA,NA,NA,NA,NA,
ND,PTC,Point Chauncey,2,9,12,2019,9/12/2019,Summer 2019,19-Sep,3,21,19,5,14,NA,3,NA,NA,NA,NA,NA,NA,NA,NA,NA,NA,NA,NA,NA,
ND,PTC,Point Chauncey,3,9,12,2019,9/12/2019,Summer 2019,19-Sep,4,24,24,2,22,NA,3,NA,NA,NA,NA,NA,NA,NA,NA,NA,NA,NA,NA,NA,
ND,PTC,Point Chauncey,4,9,12,2019,9/12/2019,Summer 2019,19-Sep,5,32,6,5,1,NA,3,NA,NA,NA,NA,NA,NA,NA,NA,NA,NA,NA,NA,NA,
ND,PTC,Point Chauncey,6,9,12,2019,9/12/2019,Summer 2019,19-Sep,8,4,4,0,4,NA,3,NA,NA,NA,NA,NA,NA,NA,NA,NA,NA,NA,NA,NA,
HS,HSB,Horseshoe Bay,1,7,16,2018,7/16/2018,Summer 2018,18-Jul,1,28,25,5,20,NA,4,13.607,17.234,NA,3.588,2.277,NA,55,27,NA,NA,NA,NA,NA,Lots of large ulva at site
HS,HSB,Horseshoe Bay,6,7,16,2018,7/16/2018,Summer 2018,18-Jul,10,11,6,2,4,NA,4,3.634,8.956,2.142,1.018,1.478,0.316,21,11,374,36,35,54,Y,
ND,PTC,Point Chauncey,3,7,17,2018,7/17/2018,Summer 2018,18-Jul,3,66,55,8,47,NA,4,41.853,21.448,NA,13.548,4.152,NA,133,251,NA,NA,NA,NA,NA,
ND,PTC,Point Chauncey,4,7,17,2018,7/17/2018,Summer 2018,18-Jul,5,46,87,21,66,NA,4,4.128,1.358,NA,1.371,0.263,NA,14,34,NA,NA,NA,NA,NA,
ND,PTC,Point Chauncey,6,7,17,2018,7/17/2018,Summer 2018,18-Jul,8,16,63,8,55,NA,4,12.083,4.187,NA,3.957,0.731,NA,30,74,NA,NA,NA,NA,NA,
ND,PTC,Point Chauncey,8,7,17,2018,7/17/2018,Summer 2018,18-Jul,12,79,205,25,180,NA,4,0.349,4.185,NA,0.154,0.524,NA,8,2,NA,NA,NA,NA,NA,
PC,PCY,Paradise Cay,1,7,17,2018,7/17/2018,Summer 2018,18-Jul,1,18,12,7,5,NA,4,9.752,5.292,0.518,3.114,0.978,NA,31,53,250,1,29,19,N,
BY,BYP,Brickyard Park,6,8,6,2018,8/6/2018,Summer 2018,18-Aug,9,19,31,4,27,NA,4,18.18,2.488,NA,5.138,0.519,NA,19,103,NA,NA,NA,NA,NA,
BY,BYP,Brickyard Park,9,8,6,2018,8/6/2018,Summer 2018,18-Aug,13,23,45,3,42,NA,4,3.673,0,NA,0.871,0,NA,0,21,NA,NA,NA,NA,NA,
BY,BYP,Brickyard Park,10,8,6,2018,8/6/2018,Summer 2018,18-Aug,15,24,64,16,48,NA,4,18.718,11.565,NA,5.63,2.72,NA,35,61,NA,NA,NA,NA,NA,
HS,HSB,Horseshoe Bay,2,8,6,2018,8/6/2018,Summer 2018,18-Aug,3,65,50,8,42,NA,4,10.88,15.082,0.584,3.935,2.346,0.894,53,31,264,21,13,24,N,
HS,HSB,Horseshoe Bay,3,8,6,2018,8/6/2018,Summer 2018,18-Aug,6,21,18,5,13,NA,4,8.637,24.888,0.828,2.465,3.864,0.136,69,0,228,9,23,26,N,
HS,HSB,Horseshoe Bay,4,9,10,2018,9/10/2018,Summer 2018,18-Sep,7,4,2,1,1,NA,4,5.737,1.629,NA,1.461,0.247,NA,3,14,NA,NA,NA,NA,NA,
HS,HSB,Horseshoe Bay,10,9,10,2018,9/10/2018,Summer 2018,18-Sep,15,93,71,44,27,NA,4,12.393,5.452,NA,2.798,0.829,NA,16,27,NA,NA,NA,NA,NA,
ND,PTC,Point Chauncey,6,9,11,2018,9/11/2018,Summer 2018,18-Sep,9,61,45,10,35,NA,4,5.139,0.896,0.227,1.011,0.127,0.034,7,23,122,2,0,0,N,
BY,BYP,Brickyard Park,7,10,9,2018,10/9/2018,Fall 2018,18-Oct,10,50,66,19,47,14.8,4,45.125,25.287,NA,11.002,3.578,NA,69,169,NA,NA,NA,NA,NA,
HS,HSB,Horseshoe Bay,6,10,9,2018,10/9/2018,Fall 2018,18-Oct,10,80,100,20,80,13.4,4,26.796,13.559,NA,7.534,2.254,NA,45,72,NA,NA,NA,NA,NA,
HS,HSB,Horseshoe Bay,9,10,9,2018,10/9/2018,Fall 2018,18-Oct,13,67,46,10,36,8.8,4,30.222,24.473,1.235,8.421,3.92,0.182,61,96,568,30,23,4,N,
PC,PCY,Paradise Cay,9,12,5,2018,12/5/2018,Fall 2018,18-Dec,13,96,40,20,20,12.5,4,5.466,0.071,NA,1.277,0.011,NA,2,46,NA,NA,NA,NA,NA,
ND,PTC,Point Chauncey,7,1,30,2019,1/30/2019,Winter 2019,19-Jan,12,76,49,38,11,20.4,4,3.962,14.252,0.769,0.985,1.629,0.092,31,5,466,29,30,5,Y,
ND,PTC,Point Chauncey,10,1,30,2019,1/30/2019,Winter 2019,19-Jan,15,87,40,33,7,20.4,4,9.825,9.046,NA,2.273,1.1,NA,25,42,NA,NA,NA,NA,NA,
PC,PCY,Paradise Cay,2,1,30,2019,1/30/2019,Winter 2019,19-Jan,2,36,35,8,27,18,4,18.251,15.248,0.537,4.352,2.013,0.069,66,66,140,35,31,13,N,
PC,PCY,Paradise Cay,3,1,30,2019,1/30/2019,Winter 2019,19-Jan,3,82,31,19,12,29.9,4,29.718,18.226,0.424,7.535,2.487,0.052,88,131,406,31,4,4,Y,
PC,PCY,Paradise Cay,5,1,30,2019,1/30/2019,Winter 2019,19-Jan,9,55,37,16,21,21.9,4,9.24,2.822,NA,2.603,0.476,NA,14,52,NA,NA,NA,NA,NA,
PC,PCY,Paradise Cay,6,1,30,2019,1/30/2019,Winter 2019,19-Jan,10,26,20,6,14,25.5,4,20.67,5.529,NA,5.172,0.754,NA,19,60,NA,NA,NA,NA,NA,
ND,PTC,Point Chauncey,1,3,15,2019,3/15/2019,Winter 2019,19-Mar,2,30,16,2,14,14.3,4,10.925,0,NA,2.082,0,NA,0,62,NA,NA,NA,NA,NA,
ND,PTC,Point Chauncey,2,3,15,2019,3/15/2019,Winter 2019,19-Mar,3,31,16,2,14,15.6,4,6.962,2.983,0.258,2.036,0.503,0.049,26,39,282,62,15,7,N,
ND,PTC,Point Chauncey,3,3,15,2019,3/15/2019,Winter 2019,19-Mar,4,85,27,7,20,23.5,4,26.532,17.048,NA,5.619,2.213,NA,104,116,NA,NA,NA,NA,NA,
ND,PTC,Point Chauncey,5,3,15,2019,3/15/2019,Winter 2019,19-Mar,7,12,3,1,2,12.6,4,3.651,2.957,NA,1.152,0.533,NA,16,18,NA,NA,NA,NA,NA,
HS,HSB,Horseshoe Bay,9,4,9,2019,4/9/2019,Spring 2019,19-Apr,12,26,39,16,23,14.7,4,15.923,10.313,NA,3.801,1.29,NA,34,52,NA,NA,NA,NA,NA,
ND,PTC,Point Chauncey,2,4,11,2019,4/11/2019,Spring 2019,19-Apr,3,14,5,4,1,16,4,13.01,12.637,1.004,2.68,1.174,0.078,42,74,396,23,19,29,Y,
ND,PTC,Point Chauncey,4,4,11,2019,4/11/2019,Spring 2019,19-Apr,6,16,24,8,16,12.5,4,8.377,1.838,NA,1.882,0.294,NA,9,35,NA,NA,NA,NA,NA,
ND,PTC,Point Chauncey,8,4,11,2019,4/11/2019,Spring 2019,19-Apr,12,87,71,30,41,13.3,4,8.101,0,NA,1.733,0,NA,0,36,NA,NA,NA,NA,NA,
PC,PCY,Paradise Cay,5,4,11,2019,4/11/2019,Spring 2019,19-Apr,8,14,16,12,4,23,4,14.573,7.589,1.18,3.315,0.609,0.09,21,57,398,17,15,6,Y,
BY,BYP,Brickyard Park,5,5,8,2019,5/8/2019,Spring 2019,19-May,8,49,12,4,8,23.4,4,13.132,4.335,0.576,3.279,0.518,0.069,18,73,464,5,8,0,Y,
ND,PTC,Point Chauncey,6,5,9,2019,5/9/2019,Spring 2019,19-May,9,22,11,7,4,16.4,4,11.173,0.197,NA,2.513,0.039,NA,2,76,NA,NA,NA,NA,NA,
ND,PTC,Point Chauncey,10,5,9,2019,5/9/2019,Spring 2019,19-May,15,31,43,13,30,NA,4,22.706,15.738,0.49,4.709,2.108,0.252,50,63,274,2,4,0,Y,
BY,BYP,Brickyard Park,4,6,8,2019,6/8/2019,Spring 2019,19-Jun,6,24,12,4,8,28,4,11.325,1.272,NA,4.426,0.425,NA,15,102,NA,NA,NA,NA,NA,
BY,BYP,Brickyard Park,5,6,8,2019,6/8/2019,Spring 2019,19-Jun,7,36,35,4,31,22.5,4,47.364,29.501,0.505,12.001,4.137,0.081,119,249,428,21,26,6,Y,
BY,BYP,Brickyard Park,7,6,8,2019,6/8/2019,Spring 2019,19-Jun,10,36,7,4,3,21.5,4,13.429,0.945,NA,3.988,0.257,NA,13,103,NA,NA,NA,NA,NA,
ND,PTC,Point Chauncey,7,6,9,2019,6/9/2019,Spring 2019,19-Jun,10,83,77,16,61,24.1,4,27.032,69.76,1.068,7.211,9.966,0.144,212,51,234,2,11,10,Y,
ND,PTC,Point Chauncey,8,6,9,2019,6/9/2019,Spring 2019,19-Jun,11,22,30,6,24,21.1,4,14.318,27.974,NA,3.3,3.015,NA,70,43,NA,NA,NA,NA,NA,
ND,PTC,Point Chauncey,9,6,9,2019,6/9/2019,Spring 2019,19-Jun,14,10,8,3,5,15.1,4,8.576,5.093,NA,2.266,0.798,NA,34,62,NA,NA,NA,NA,NA,
HS,HSB,Horseshoe Bay,2,7,20,2019,7/20/2019,Summer 2019,19-Jul,2,14,4,3,1,21.4,4,30.37,18.842,NA,6.527,2.353,NA,50,67,NA,NA,NA,NA,NA,
ND,PTC,Point Chauncey,6,7,21,2019,7/21/2019,Summer 2019,19-Jul,9,11,4,0,4,14.5,4,2.104,3.843,0.515,0.704,0.77,0.099,7,0,362,0,9,0,N,
PC,PCY,Paradise Cay,6,7,21,2019,7/21/2019,Summer 2019,19-Jul,9,13,26,1,25,17.9,4,9.886,34.131,2.144,2.587,3.976,0.181,45,23,210,16,6,10,Y,
PC,PCY,Paradise Cay,8,7,21,2019,7/21/2019,Summer 2019,19-Jul,12,15,4,4,0,22.3,4,15.309,8.815,0.475,3.866,1.322,0.056,31,59,166,1,1,0,N,
HS,HSB,Horseshoe Bay,2,8,4,2019,8/4/2019,Summer 2019,19-Aug,2,11,8,2,6,10,4,2.433,1.19,NA,0.61,0.196,NA,2,9,NA,NA,NA,NA,NA,
HS,HSB,Horseshoe Bay,5,8,4,2019,8/4/2019,Summer 2019,19-Aug,7,60,18,9,9,16.6,4,6.521,21.47,NA,1.331,2.336,NA,80,7,NA,NA,NA,NA,NA,
ND,PTC,Point Chauncey,8,8,4,2019,8/4/2019,Summer 2019,19-Aug,11,49,49,6,43,23.5,4,14.37,27.722,NA,4.03,3.985,NA,62,20,NA,NA,NA,NA,NA,
HS,HSB,Horseshoe Bay,1,9,12,2019,9/12/2019,Summer 2019,19-Sep,1,11,34,0,34,NA,4,NA,NA,NA,NA,NA,NA,NA,NA,NA,NA,NA,NA,NA,No fucus after the 10m point on transect
HS,HSB,Horseshoe Bay,3,9,12,2019,9/12/2019,Summer 2019,19-Sep,6,15,11,6,5,NA,4,NA,NA,NA,NA,NA,NA,NA,NA,NA,NA,NA,NA,NA,
HS,HSB,Horseshoe Bay,4,9,12,2019,9/12/2019,Summer 2019,19-Sep,7,71,43,16,27,NA,4,NA,NA,NA,NA,NA,NA,NA,NA,NA,NA,NA,NA,NA,
ND,PTC,Point Chauncey,7,9,12,2019,9/12/2019,Summer 2019,19-Sep,9,50,88,2,86,NA,4,NA,NA,NA,NA,NA,NA,NA,NA,NA,NA,NA,NA,NA,
BY,BYP,Brickyard Park,2,8,6,2018,8/6/2018,Summer 2018,18-Aug,4,65,218,18,200,NA,5,13.162,21.16,NA,3.418,3.241,NA,52,42,NA,NA,NA,NA,NA,estimate small fucus = 200+
BY,BYP,Brickyard Park,3,8,6,2018,8/6/2018,Summer 2018,18-Aug,5,82,224,24,200,NA,5,16.273,0.894,NA,4.234,1.934,NA,4,102,NA,NA,NA,NA,NA,estimate small fucus = 200+
BY,BYP,Brickyard Park,4,8,6,2018,8/6/2018,Summer 2018,18-Aug,6,61,169,22,147,NA,5,14.643,7.345,NA,3.673,0.25,NA,25,100,NA,NA,NA,NA,NA,
BY,BYP,Brickyard Park,7,8,6,2018,8/6/2018,Summer 2018,18-Aug,10,53,236,36,200,NA,5,15.736,4.255,0.406,3.816,0.811,0.749,19,89,210,1,0,4,N,estimate small fucus = 200+
HS,HSB,Horseshoe Bay,5,8,6,2018,8/6/2018,Summer 2018,18-Aug,10,51,49,11,38,NA,5,6.624,2.538,NA,1.46,0.374,NA,13,27,NA,NA,NA,NA,NA,
HS,HSB,Horseshoe Bay,6,8,6,2018,8/6/2018,Summer 2018,18-Aug,11,66,111,84,27,NA,5,11.79,37.102,NA,2.921,5.502,NA,60,20,NA,NA,NA,NA,NA,
ND,PTC,Point Chauncey,9,12,5,2018,12/5/2018,Fall 2018,18-Dec,12,51,39,22,17,19.4,5,11.195,14.136,0.704,2.519,1.95,0.112,56,30,504,45,30,42,Y,
PC,PCY,Paradise Cay,10,12,5,2018,12/5/2018,Fall 2018,18-Dec,14,70,53,18,35,20,5,19.095,9.594,NA,3.983,1.262,NA,18,83,NA,NA,NA,NA,NA,
BY,BYP,Brickyard Park,10,4,9,2019,4/9/2019,Spring 2019,19-Apr,15,28,8,7,1,22.5,5,27.74,0.407,NA,7.005,0.076,NA,3,104,NA,NA,NA,NA,NA,
HS,HSB,Horseshoe Bay,8,4,9,2019,4/9/2019,Spring 2019,19-Apr,11,73,24,16,8,22.8,5,17.861,14.423,1.491,4.035,1.729,0.154,39,70,734,23,36,67,Y,
HS,HSB,Horseshoe Bay,10,4,9,2019,4/9/2019,Spring 2019,19-Apr,14,59,54,18,36,0,5,36.438,37.352,NA,7.767,4.399,NA,98,96,NA,NA,NA,NA,NA,
ND,PTC,Point Chauncey,6,4,11,2019,4/11/2019,Spring 2019,19-Apr,8,28,21,7,14,16.1,5,6.677,17.501,0.94,1.531,2.196,0.177,28,32,350,27,12,6,Y,
BY,BYP,Brickyard Park,9,5,8,2019,5/8/2019,Spring 2019,19-May,14,83,262,12,250,33.9,5,67.432,60.334,NA,16.051,6.153,NA,235,227,NA,NA,NA,NA,NA,
HS,HSB,Horseshoe Bay,1,5,8,2019,5/8/2019,Spring 2019,19-May,1,13,10,3,7,24.1,5,8.676,19.576,NA,2.685,2.185,NA,64,12,NA,NA,NA,NA,NA,Tons of ulva and masocarpus. Fucus looks very healthy and lush. Adult fucus thalli large
HS,HSB,Horseshoe Bay,2,5,8,2019,5/8/2019,Spring 2019,19-May,2,9,10,1,9,14.9,5,5.78,15.004,0.532,1.161,1.736,0.077,63,18,256,51,48,22,Y,
HS,HSB,Horseshoe Bay,3,5,8,2019,5/8/2019,Spring 2019,19-May,4,13,3,0,3,24.1,5,12.389,44.331,NA,3.276,4.575,NA,95,7,NA,NA,NA,NA,NA,
HS,HSB,Horseshoe Bay,4,5,8,2019,5/8/2019,Spring 2019,19-May,5,47,15,11,4,24.8,5,25.926,58.809,NA,6.276,5.688,NA,125,47,NA,NA,NA,NA,NA,
HS,HSB,Horseshoe Bay,5,5,8,2019,5/8/2019,Spring 2019,19-May,7,72,35,32,3,18.5,5,16.4,64.249,2.449,3.735,7.637,0.273,180,47,780,54,42,53,Y,
HS,HSB,Horseshoe Bay,6,5,8,2019,5/8/2019,Spring 2019,19-May,9,73,34,23,11,14.6,5,9.274,17.798,NA,2.146,2.091,NA,45,36,NA,NA,NA,NA,NA,
HS,HSB,Horseshoe Bay,7,5,8,2019,5/8/2019,Spring 2019,19-May,11,34,14,2,12,20.5,5,15.686,49.762,2.049,3.872,5.615,0.208,100,31,624,87,58,76,Y,
HS,HSB,Horseshoe Bay,8,5,8,2019,5/8/2019,Spring 2019,19-May,12,49,14,10,4,10.7,5,2.036,0.467,NA,0.631,0.077,NA,2,5,NA,NA,NA,NA,NA,
HS,HSB,Horseshoe Bay,9,5,8,2019,5/8/2019,Spring 2019,19-May,13,52,15,6,9,34.5,5,54.493,141.549,NA,11.346,14.213,NA,401,83,NA,NA,NA,NA,NA,
HS,HSB,Horseshoe Bay,10,5,8,2019,5/8/2019,Spring 2019,19-May,14,78,41,37,4,26.8,5,36.874,56.357,NA,7.522,5.694,NA,151,104,NA,NA,NA,NA,NA,
ND,PTC,Point Chauncey,7,5,9,2019,5/9/2019,Spring 2019,19-May,10,85,40,19,21,18.4,5,12.775,24.441,0.998,2.955,2.636,0.121,70,53,582,11,10,4,Y,
ND,PTC,Point Chauncey,8,5,9,2019,5/9/2019,Spring 2019,19-May,11,42,33,15,18,14.2,5,9.597,18.491,NA,2.25,2.021,NA,51,15,NA,NA,NA,NA,NA,
PC,PCY,Paradise Cay,3,5,9,2019,5/9/2019,Spring 2019,19-May,6,56,13,12,1,24.9,5,20.091,11.328,NA,5.749,1.383,NA,66,76,NA,NA,NA,NA,NA,
PC,PCY,Paradise Cay,4,5,9,2019,5/9/2019,Spring 2019,19-May,8,50,18,14,4,13.4,5,4.464,3.86,0.451,5.154,0.459,0.048,26,37,248,0,0,0,NA,
PC,PCY,Paradise Cay,5,5,9,2019,5/9/2019,Spring 2019,19-May,9,9,5,4,1,19.6,5,11.34,19.315,NA,3.059,1.905,NA,77,40,NA,NA,NA,NA,NA,
PC,PCY,Paradise Cay,6,5,9,2019,5/9/2019,Spring 2019,19-May,10,62,13,12,1,19.1,5,27.937,27.46,NA,6.55,2.961,NA,160,126,NA,NA,NA,NA,NA,
PC,PCY,Paradise Cay,7,5,9,2019,5/9/2019,Spring 2019,19-May,11,46,12,8,4,26.1,5,15.764,12.573,NA,3.618,1.395,NA,4,96,NA,NA,NA,NA,NA,
PC,PCY,Paradise Cay,8,5,9,2019,5/9/2019,Spring 2019,19-May,13,48,14,13,1,22.5,5,32.218,34.95,NA,7.161,3.588,NA,116,159,NA,NA,NA,NA,NA,
PC,PCY,Paradise Cay,9,5,9,2019,5/9/2019,Spring 2019,19-May,14,60,23,12,11,17.8,5,11.862,14.097,0.579,2.751,1.439,0.065,54,141,292,0,0,0,NA,
PC,PCY,Paradise Cay,10,5,9,2019,5/9/2019,Spring 2019,19-May,15,38,10,7,3,26.8,5,32.235,7.067,0.278,7.846,1.005,0.035,52,166,170,0,0,0,NA,
BY,BYP,Brickyard Park,6,6,8,2019,6/8/2019,Spring 2019,19-Jun,8,42,7,5,2,25,5,24.824,15.302,NA,5.835,1.781,NA,64,120,NA,NA,NA,NA,NA,
HS,HSB,Horseshoe Bay,1,6,8,2019,6/8/2019,Spring 2019,19-Jun,1,45,17,9,8,24.1,5,7.53,12.844,NA,1.93,1.422,NA,35,51,NA,NA,NA,NA,NA,"Sunny and hot --> crunchy dry fucus. Lots of mascrocarpus, spider webs in fucus beds."
HS,HSB,Horseshoe Bay,2,6,8,2019,6/8/2019,Spring 2019,19-Jun,2,9,18,12,6,14.9,5,20.227,35.683,NA,5.43,5.584,NA,110,78,NA,NA,NA,NA,NA,
HS,HSB,Horseshoe Bay,3,6,8,2019,6/8/2019,Spring 2019,19-Jun,3,46,29,18,11,24.1,5,35.045,78.717,NA,7.726,9.305,NA,183,81,NA,NA,NA,NA,NA,
HS,HSB,Horseshoe Bay,4,6,8,2019,6/8/2019,Spring 2019,19-Jun,5,19,12,5,7,24.8,5,27.684,71.897,0.995,6.233,8.956,0.104,148,72,496,47,34,22,Y,
HS,HSB,Horseshoe Bay,5,6,8,2019,6/8/2019,Spring 2019,19-Jun,7,48,21,13,8,18.5,5,14.026,54.377,NA,3.171,6.616,NA,103,12,NA,NA,NA,NA,NA,
HS,HSB,Horseshoe Bay,6,6,8,2019,6/8/2019,Spring 2019,19-Jun,8,83,34,20,14,14.6,5,17.025,49.38,NA,3.635,4.957,NA,110,37,NA,NA,NA,NA,NA,
PC,PCY,Paradise Cay,1,6,9,2019,6/9/2019,Spring 2019,19-Jun,2,35,7,3,4,23.1,5,12.833,25.54,NA,3.491,3.254,NA,75,64,NA,NA,NA,NA,NA,Hot out. Juvenile band still present
PC,PCY,Paradise Cay,3,6,9,2019,6/9/2019,Spring 2019,19-Jun,5,26,11,3,8,2.1,5,13.981,9.442,0.456,3.502,1.304,0.064,55,56,270,5,5,3,N,
PC,PCY,Paradise Cay,4,6,9,2019,6/9/2019,Spring 2019,19-Jun,6,20,4,2,2,25.4,5,31.091,113.67,NA,7.402,9.577,NA,219,97,NA,NA,NA,NA,NA,
PC,PCY,Paradise Cay,5,6,9,2019,6/9/2019,Spring 2019,19-Jun,7,31,6,3,3,22.6,5,9.863,14.29,0.574,3.147,2.503,0.111,52,36,232,2,4,0,N,
PC,PCY,Paradise Cay,6,6,9,2019,6/9/2019,Spring 2019,19-Jun,8,35,10,7,3,24.1,5,14.185,65.338,NA,3.227,5.676,NA,120,54,NA,NA,NA,NA,NA,
PC,PCY,Paradise Cay,7,6,9,2019,6/9/2019,Spring 2019,19-Jun,10,31,4,2,2,27.5,5,29.205,69.21,NA,7.42,7.135,NA,159,80,NA,NA,NA,NA,NA,
PC,PCY,Paradise Cay,8,6,9,2019,6/9/2019,Spring 2019,19-Jun,11,22,6,2,4,20.4,5,13.954,34.878,NA,3.183,3.847,NA,58,36,NA,NA,NA,NA,NA,
PC,PCY,Paradise Cay,9,6,9,2019,6/9/2019,Spring 2019,19-Jun,13,21,4,2,2,26.1,5,17.073,30.871,0.356,4.987,5.353,0.065,105,45,242,2,3,0,N,
PC,PCY,Paradise Cay,10,6,9,2019,6/9/2019,Spring 2019,19-Jun,14,32,6,5,1,29.7,5,20.408,45.198,NA,5.823,7.845,NA,137,74,NA,NA,NA,NA,NA,
HS,HSB,Horseshoe Bay,1,7,20,2019,7/20/2019,Summer 2019,19-Jul,1,12,8,3,5,23.3,5,45.646,27.004,0.75,11.598,3.181,0.1,53,49,242,63,61,54,N,
HS,HSB,Horseshoe Bay,3,7,20,2019,7/20/2019,Summer 2019,19-Jul,4,70,33,16,17,25,5,10.431,0,NA,2.291,0,NA,0,45,NA,NA,NA,NA,NA,
HS,HSB,Horseshoe Bay,6,7,20,2019,7/20/2019,Summer 2019,19-Jul,8,54,27,15,12,28.3,5,29.803,11.604,NA,7.242,1.717,NA,90,76,NA,NA,NA,NA,NA,
HS,HSB,Horseshoe Bay,8,7,20,2019,7/20/2019,Summer 2019,19-Jul,10,15,7,3,4,19.5,5,11.731,23.578,NA,3.012,3.069,NA,44,23,NA,NA,NA,NA,NA,
ND,PTC,Point Chauncey,4,7,21,2019,7/21/2019,Summer 2019,19-Jul,4,4,1,1,0,17.8,5,3.157,15.038,NA,0.801,1.715,NA,24,2,NA,NA,NA,NA,NA,
ND,PTC,Point Chauncey,8,7,21,2019,7/21/2019,Summer 2019,19-Jul,11,48,68,11,57,19.2,5,11.962,39.866,NA,3.12,4.567,NA,46,26,NA,NA,NA,NA,NA,
HS,HSB,Horseshoe Bay,3,8,4,2019,8/4/2019,Summer 2019,19-Aug,4,71,29,11,18,11,5,5.768,0,NA,1.186,0,NA,0,25,NA,NA,NA,NA,NA,
ND,PTC,Point Chauncey,1,8,4,2019,8/4/2019,Summer 2019,19-Aug,1,12,15,11,4,20.5,5,4.889,15.651,0.903,1.377,2.226,0.152,32,8,374,0,0,0,NA,Turkey vulture and yellow jackets at site
HS,HSB,Horseshoe Bay,2,9,12,2019,9/12/2019,Summer 2019,19-Sep,4,56,23,11,12,NA,5,NA,NA,NA,NA,NA,NA,NA,NA,NA,NA,NA,NA,NA,
PC,PCY,Paradise Cay,1,9,12,2019,9/12/2019,Summer 2019,19-Sep,1,53,38,16,22,NA,5,NA,NA,NA,NA,NA,NA,NA,NA,NA,NA,NA,NA,NA,
HS,HSB,Horseshoe Bay,7,6,15,2018,6/15/2018,Spring 2018,18-Jun,12,0,0,NA,NA,NA,NA,11.448,34.549,0.223,3.161,6.247,0.266,97,17,408,52,34,50,Y,
HS,HSB,Horseshoe Bay,8,6,15,2018,6/15/2018,Spring 2018,18-Jun,13,0,0,NA,NA,NA,NA,6.744,9.714,NA,2.569,2.023,NA,NA,NA,NA,NA,NA,NA,NA,
HS,HSB,Horseshoe Bay,9,6,15,2018,6/15/2018,Spring 2018,18-Jun,14,0,0,NA,NA,NA,NA,4.907,0,NA,1.516,0,NA,NA,NA,NA,NA,NA,NA,NA,
HS,HSB,Horseshoe Bay,10,6,15,2018,6/15/2018,Spring 2018,18-Jun,15,0,0,NA,NA,NA,NA,5.17,0.633,NA,1.439,0.112,NA,NA,NA,NA,NA,NA,NA,NA,
HS,HSB,Horseshoe Bay,5,7,16,2018,7/16/2018,Summer 2018,18-Jul,9,1,0,0,0,NA,NA,6.563,0.559,0.427,1.692,0.101,0.027,3,27,276,14,8,3,N,
HS,HSB,Horseshoe Bay,7,7,16,2018,7/16/2018,Summer 2018,18-Jul,12,0,0,0,0,NA,NA,4.117,0,NA,1.441,0,NA,0,15,NA,NA,NA,NA,NA,
HS,HSB,Horseshoe Bay,8,7,16,2018,7/16/2018,Summer 2018,18-Jul,13,0,0,0,0,NA,NA,1.602,0,NA,0.461,0,NA,0,13,NA,NA,NA,NA,NA,
HS,HSB,Horseshoe Bay,9,7,16,2018,7/16/2018,Summer 2018,18-Jul,14,0,0,0,0,NA,NA,0.837,0,NA,0.241,0,NA,0,3,NA,NA,NA,NA,NA,
HS,HSB,Horseshoe Bay,10,7,16,2018,7/16/2018,Summer 2018,18-Jul,15,0,0,0,0,NA,NA,21.476,50.457,1.637,6.356,8.044,0.258,132,38,302,17,51,55,N,
HS,HSB,Horseshoe Bay,8,8,6,2018,8/6/2018,Summer 2018,18-Aug,13,0,0,0,0,NA,NA,3.882,2.774,0.414,1.694,0.968,0.161,15,6,150,19,10,0,N,
HS,HSB,Horseshoe Bay,9,8,6,2018,8/6/2018,Summer 2018,18-Aug,14,0,0,0,0,NA,NA,0.982,0,NA,0.394,0,NA,0,4,NA,NA,NA,NA,NA,
HS,HSB,Horseshoe Bay,10,8,6,2018,8/6/2018,Summer 2018,18-Aug,15,0,0,0,0,NA,NA,1.3,0,NA,0.3,0,NA,0,7,NA,NA,NA,NA,NA,
HS,HSB,Horseshoe Bay,6,9,10,2018,9/10/2018,Summer 2018,18-Sep,9,0,0,0,0,NA,NA,5.342,5.914,1.072,1.474,2.512,0.166,17,13,464,47,45,56,Y,
ND,PTC,Point Chauncey,9,9,11,2018,9/11/2018,Summer 2018,18-Sep,14,4,0,0,0,NA,NA,5.69,2.278,NA,1.363,0.336,NA,7,14,NA,NA,NA,NA,NA,
PC,PCY,Paradise Cay,1,10,10,2018,10/10/2018,Fall 2018,18-Oct,NA,NA,NA,NA,NA,NA,NA,NA,NA,NA,NA,NA,NA,NA,NA,NA,NA,NA,NA,NA,Gate closed + construction blocked our entrance to the site. Did not survey PC in October 2018
PC,PCY,Paradise Cay,2,10,10,2018,10/10/2018,Fall 2018,18-Oct,NA,NA,NA,NA,NA,NA,NA,NA,NA,NA,NA,NA,NA,NA,NA,NA,NA,NA,NA,NA,
PC,PCY,Paradise Cay,3,10,10,2018,10/10/2018,Fall 2018,18-Oct,NA,NA,NA,NA,NA,NA,NA,NA,NA,NA,NA,NA,NA,NA,NA,NA,NA,NA,NA,NA,
PC,PCY,Paradise Cay,4,10,10,2018,10/10/2018,Fall 2018,18-Oct,NA,NA,NA,NA,NA,NA,NA,NA,NA,NA,NA,NA,NA,NA,NA,NA,NA,NA,NA,NA,
PC,PCY,Paradise Cay,5,10,10,2018,10/10/2018,Fall 2018,18-Oct,NA,NA,NA,NA,NA,NA,NA,NA,NA,NA,NA,NA,NA,NA,NA,NA,NA,NA,NA,NA,
PC,PCY,Paradise Cay,6,10,10,2018,10/10/2018,Fall 2018,18-Oct,NA,NA,NA,NA,NA,NA,NA,NA,NA,NA,NA,NA,NA,NA,NA,NA,NA,NA,NA,NA,
PC,PCY,Paradise Cay,7,10,10,2018,10/10/2018,Fall 2018,18-Oct,NA,NA,NA,NA,NA,NA,NA,NA,NA,NA,NA,NA,NA,NA,NA,NA,NA,NA,NA,NA,
PC,PCY,Paradise Cay,8,10,10,2018,10/10/2018,Fall 2018,18-Oct,NA,NA,NA,NA,NA,NA,NA,NA,NA,NA,NA,NA,NA,NA,NA,NA,NA,NA,NA,NA,
PC,PCY,Paradise Cay,9,10,10,2018,10/10/2018,Fall 2018,18-Oct,NA,NA,NA,NA,NA,NA,NA,NA,NA,NA,NA,NA,NA,NA,NA,NA,NA,NA,NA,NA,
PC,PCY,Paradise Cay,10,10,10,2018,10/10/2018,Fall 2018,18-Oct,NA,NA,NA,NA,NA,NA,NA,NA,NA,NA,NA,NA,NA,NA,NA,NA,NA,NA,NA,NA,
HS,HSB,Horseshoe Bay,8,11,6,2018,11/6/2018,Fall 2018,18-Nov,13,0,0,0,0,4.6,NA,1.897,0,NA,0.37,0,NA,0,12,NA,NA,NA,NA,NA,
HS,HSB,Horseshoe Bay,9,11,6,2018,11/6/2018,Fall 2018,18-Nov,14,0,0,0,0,8.8,NA,3.662,0,NA,1.03,0,NA,0,16,NA,NA,NA,NA,NA,
HS,HSB,Horseshoe Bay,10,11,6,2018,11/6/2018,Fall 2018,18-Nov,15,0,0,0,0,21.9,NA,15.599,21.141,NA,3.757,3.344,NA,61,53,NA,NA,NA,NA,NA,
ND,PTC,Point Chauncey,1,11,7,2018,11/7/2018,Fall 2018,18-Nov,NA,NA,NA,NA,NA,NA,NA,NA,NA,NA,NA,NA,NA,NA,NA,NA,NA,NA,NA,NA,Did not survey PC or ND in November 2018 due to poor air quality from the wildfires
ND,PTC,Point Chauncey,2,11,7,2018,11/7/2018,Fall 2018,18-Nov,NA,NA,NA,NA,NA,NA,NA,NA,NA,NA,NA,NA,NA,NA,NA,NA,NA,NA,NA,NA,
ND,PTC,Point Chauncey,3,11,7,2018,11/7/2018,Fall 2018,18-Nov,NA,NA,NA,NA,NA,NA,NA,NA,NA,NA,NA,NA,NA,NA,NA,NA,NA,NA,NA,NA,
ND,PTC,Point Chauncey,4,11,7,2018,11/7/2018,Fall 2018,18-Nov,NA,NA,NA,NA,NA,NA,NA,NA,NA,NA,NA,NA,NA,NA,NA,NA,NA,NA,NA,NA,
ND,PTC,Point Chauncey,5,11,7,2018,11/7/2018,Fall 2018,18-Nov,NA,NA,NA,NA,NA,NA,NA,NA,NA,NA,NA,NA,NA,NA,NA,NA,NA,NA,NA,NA,
ND,PTC,Point Chauncey,6,11,7,2018,11/7/2018,Fall 2018,18-Nov,NA,NA,NA,NA,NA,NA,NA,NA,NA,NA,NA,NA,NA,NA,NA,NA,NA,NA,NA,NA,
ND,PTC,Point Chauncey,7,11,7,2018,11/7/2018,Fall 2018,18-Nov,NA,NA,NA,NA,NA,NA,NA,NA,NA,NA,NA,NA,NA,NA,NA,NA,NA,NA,NA,NA,
ND,PTC,Point Chauncey,8,11,7,2018,11/7/2018,Fall 2018,18-Nov,NA,NA,NA,NA,NA,NA,NA,NA,NA,NA,NA,NA,NA,NA,NA,NA,NA,NA,NA,NA,
ND,PTC,Point Chauncey,9,11,7,2018,11/7/2018,Fall 2018,18-Nov,NA,NA,NA,NA,NA,NA,NA,NA,NA,NA,NA,NA,NA,NA,NA,NA,NA,NA,NA,NA,
ND,PTC,Point Chauncey,10,11,7,2018,11/7/2018,Fall 2018,18-Nov,NA,NA,NA,NA,NA,NA,NA,NA,NA,NA,NA,NA,NA,NA,NA,NA,NA,NA,NA,NA,
PC,PCY,Paradise Cay,1,11,7,2018,11/7/2018,Fall 2018,18-Nov,NA,NA,NA,NA,NA,NA,NA,NA,NA,NA,NA,NA,NA,NA,NA,NA,NA,NA,NA,NA,Did not survey PC or ND in November 2018 due to poor air quality from the wildfires
PC,PCY,Paradise Cay,2,11,7,2018,11/7/2018,Fall 2018,18-Nov,NA,NA,NA,NA,NA,NA,NA,NA,NA,NA,NA,NA,NA,NA,NA,NA,NA,NA,NA,NA,
PC,PCY,Paradise Cay,3,11,7,2018,11/7/2018,Fall 2018,18-Nov,NA,NA,NA,NA,NA,NA,NA,NA,NA,NA,NA,NA,NA,NA,NA,NA,NA,NA,NA,NA,
PC,PCY,Paradise Cay,4,11,7,2018,11/7/2018,Fall 2018,18-Nov,NA,NA,NA,NA,NA,NA,NA,NA,NA,NA,NA,NA,NA,NA,NA,NA,NA,NA,NA,NA,
PC,PCY,Paradise Cay,5,11,7,2018,11/7/2018,Fall 2018,18-Nov,NA,NA,NA,NA,NA,NA,NA,NA,NA,NA,NA,NA,NA,NA,NA,NA,NA,NA,NA,NA,
PC,PCY,Paradise Cay,6,11,7,2018,11/7/2018,Fall 2018,18-Nov,NA,NA,NA,NA,NA,NA,NA,NA,NA,NA,NA,NA,NA,NA,NA,NA,NA,NA,NA,NA,
PC,PCY,Paradise Cay,7,11,7,2018,11/7/2018,Fall 2018,18-Nov,NA,NA,NA,NA,NA,NA,NA,NA,NA,NA,NA,NA,NA,NA,NA,NA,NA,NA,NA,NA,
PC,PCY,Paradise Cay,8,11,7,2018,11/7/2018,Fall 2018,18-Nov,NA,NA,NA,NA,NA,NA,NA,NA,NA,NA,NA,NA,NA,NA,NA,NA,NA,NA,NA,NA,
PC,PCY,Paradise Cay,9,11,7,2018,11/7/2018,Fall 2018,18-Nov,NA,NA,NA,NA,NA,NA,NA,NA,NA,NA,NA,NA,NA,NA,NA,NA,NA,NA,NA,NA,
PC,PCY,Paradise Cay,10,11,7,2018,11/7/2018,Fall 2018,18-Nov,NA,NA,NA,NA,NA,NA,NA,NA,NA,NA,NA,NA,NA,NA,NA,NA,NA,NA,NA,NA,
BY,BYP,Brickyard Park,10,12,4,2018,12/4/2018,Fall 2018,18-Dec,14,58,12,9,3,23.9,NA,31.531,27.377,NA,7.044,3.335,NA,123,62,NA,NA,NA,NA,NA,
ND,PTC,Point Chauncey,8,1,30,2019,1/30/2019,Winter 2019,19-Jan,13,18,16,3,13,12.9,NA,1.855,3.5,1.064,0.596,0.415,0.133,11,7,432,47,56,42,Y,
HS,HSB,Horseshoe Bay,7,1,31,2019,1/31/2019,Winter 2019,19-Jan,11,76,54,38,16,13.8,NA,3.899,0,NA,0.991,0,NA,0,34,NA,NA,NA,NA,NA,
HS,HSB,Horseshoe Bay,8,1,31,2019,1/31/2019,Winter 2019,19-Jan,12,44,25,9,16,21.6,NA,7.155,0.617,NA,2.611,0.137,NA,4,20,NA,NA,NA,NA,NA,
HS,HSB,Horseshoe Bay,9,1,31,2019,1/31/2019,Winter 2019,19-Jan,13,9,13,0,13,2.6,NA,0.163,0,NA,0.045,0,NA,0,4,NA,NA,NA,NA,NA,
HS,HSB,Horseshoe Bay,10,1,31,2019,1/31/2019,Winter 2019,19-Jan,15,0,0,0,0,15.8,NA,17.989,1.827,0.158,5.181,0.46,0.034,32,107,172,0,0,19,N,
ND,PTC,Point Chauncey,9,2,20,2019,2/20/2019,Winter 2019,19-Feb,12,77,55,10,45,24.1,NA,30.912,5.729,0.439,6.762,0.79,0.062,26,116,278,34,10,36,Y,
ND,PTC,Point Chauncey,10,2,20,2019,2/20/2019,Winter 2019,19-Feb,14,0,0,0,0,16.5,NA,7.136,0.835,0.316,1.739,0.128,0.054,4,61,87,41,8,19,Y,
BY,BYP,Brickyard Park,1,2,21,2019,2/21/2019,Winter 2019,19-Feb,1,16,27,4,23,24.2,NA,12.944,0.265,NA,3.57,0.044,NA,2,56,NA,NA,NA,NA,NA,
BY,BYP,Brickyard Park,2,2,21,2019,2/21/2019,Winter 2019,19-Feb,3,32,18,2,16,13,NA,3.9,0,NA,1.136,0,NA,0,32,NA,NA,NA,NA,NA,
BY,BYP,Brickyard Park,3,2,21,2019,2/21/2019,Winter 2019,19-Feb,4,40,16,4,12,23.1,NA,10.562,0,NA,2.746,0,NA,0,144,NA,NA,NA,NA,NA,
BY,BYP,Brickyard Park,4,2,21,2019,2/21/2019,Winter 2019,19-Feb,5,23,9,2,7,12.8,NA,4.242,0,NA,1.327,0,NA,0,31,NA,NA,NA,NA,NA,
BY,BYP,Brickyard Park,5,2,21,2019,2/21/2019,Winter 2019,19-Feb,7,20,13,0,13,11.6,NA,4.931,0,NA,1.353,0,NA,0,34,NA,NA,NA,NA,NA,
HS,HSB,Horseshoe Bay,9,2,21,2019,2/21/2019,Winter 2019,19-Feb,13,0,0,0,0,19.7,NA,12.041,1.074,0.322,3.191,0.238,0.076,4,39,96,0,0,0,NA,
HS,HSB,Horseshoe Bay,10,2,21,2019,2/21/2019,Winter 2019,19-Feb,14,0,0,0,0,20,NA,11.869,0,NA,3.215,0,NA,0,14,NA,NA,NA,NA,NA,
HS,HSB,Horseshoe Bay,10,3,14,2019,3/14/2019,Winter 2019,19-Mar,14,0,0,0,0,0,NA,6.944,0.48,NA,2.323,0.11,NA,6,43,NA,NA,NA,NA,NA,
ND,PTC,Point Chauncey,9,3,15,2019,3/15/2019,Winter 2019,19-Mar,13,0,0,0,0,16,NA,10.914,2.63,0.461,3.037,0.746,0.102,23,58,320,11,3,5,Y,
ND,PTC,Point Chauncey,10,3,15,2019,3/15/2019,Winter 2019,19-Mar,14,0,0,0,0,9.1,NA,2.313,0.209,NA,0.551,0.025,NA,3,18,NA,NA,NA,NA,NA,
HS,HSB,Horseshoe Bay,7,6,8,2019,6/8/2019,Spring 2019,19-Jun,10,0,0,0,0,20.5,NA,11.083,11.569,0.455,2.878,1.791,0.08,60,51,314,36,34,35,Y,
HS,HSB,Horseshoe Bay,8,6,8,2019,6/8/2019,Spring 2019,19-Jun,11,0,0,0,0,10.7,NA,16.569,29.952,0.817,3.431,3.192,0.099,114,41,142,69,24,47,Y,
HS,HSB,Horseshoe Bay,9,6,8,2019,6/8/2019,Spring 2019,19-Jun,13,0,0,0,0,34.5,NA,10.582,15.682,NA,2.144,1.906,NA,55,37,NA,NA,NA,NA,NA,
HS,HSB,Horseshoe Bay,10,6,8,2019,6/8/2019,Spring 2019,19-Jun,14,0,0,0,0,26.8,NA,9.653,23.883,NA,2.266,3.229,NA,67,42,NA,NA,NA,NA,NA,
ND,PTC,Point Chauncey,4,6,9,2019,6/9/2019,Spring 2019,19-Jun,6,0,0,0,0,21.1,NA,7.972,30.959,NA,2.235,4.041,NA,55,11,NA,NA,NA,NA,NA,
HS,HSB,Horseshoe Bay,7,7,20,2019,7/20/2019,Summer 2019,19-Jul,9,0,0,0,0,11.4,NA,5.052,0,NA,1.2,0,NA,0,25,NA,NA,NA,NA,NA,
HS,HSB,Horseshoe Bay,9,7,20,2019,7/20/2019,Summer 2019,19-Jul,12,0,0,0,0,27.6,NA,14.385,23.792,0.426,3.25,3.278,0.077,51,27,366,0,0,0,N,
HS,HSB,Horseshoe Bay,10,7,20,2019,7/20/2019,Summer 2019,19-Jul,14,0,0,0,0,12.9,NA,2.807,0,NA,0.707,0,NA,0,20,NA,NA,NA,NA,NA,
ND,PTC,Point Chauncey,9,7,21,2019,7/21/2019,Summer 2019,19-Jul,13,0,0,0,0,30.5,NA,19.702,67.636,NA,4.405,6.349,NA,137,41,NA,NA,NA,NA,NA,
ND,PTC,Point Chauncey,10,7,21,2019,7/21/2019,Summer 2019,19-Jul,14,0,0,0,0,14,NA,3.273,3.405,0.981,0.788,0.357,0.106,8,16,296,47,42,64,N,
BY,BYP,Brickyard Park,7,8,4,2019,8/4/2019,Summer 2019,19-Aug,8,0,0,0,0,4.5,NA,0.47,0,NA,0.092,0,NA,0,7,NA,NA,NA,NA,NA,
HS,HSB,Horseshoe Bay,9,8,4,2019,8/4/2019,Summer 2019,19-Aug,12,0,0,0,0,9.5,NA,7.201,0.332,NA,1.515,0.052,NA,2,76,NA,NA,NA,NA,NA,
HS,HSB,Horseshoe Bay,10,8,4,2019,8/4/2019,Summer 2019,19-Aug,14,0,0,0,0,21.3,NA,14.77,18.407,1.089,3.493,2.652,0.162,47,44,202,55,60,21,Y,
ND,PTC,Point Chauncey,4,8,4,2019,8/4/2019,Summer 2019,19-Aug,5,0,0,0,0,13.8,NA,2.305,6.536,NA,0.66,1.121,NA,21,4,NA,NA,NA,NA,NA,
ND,PTC,Point Chauncey,10,8,4,2019,8/4/2019,Summer 2019,19-Aug,14,0,0,0,0,14.6,NA,9.639,9.101,0.416,2.245,1.691,0.075,38,13,194,12,14,0,N,
PC,PCY,Paradise Cay,4,8,4,2019,8/4/2019,Summer 2019,19-Aug,6,0,0,0,0,8.7,NA,1.073,0,NA,0.268,0,NA,0,8,NA,NA,NA,NA,NA,
PC,PCY,Paradise Cay,6,8,4,2019,8/4/2019,Summer 2019,19-Aug,9,1,0,0,0,9.7,NA,2.205,0,NA,0.527,0,NA,0,10,NA,NA,NA,NA,NA,
PC,PCY,Paradise Cay,7,8,4,2019,8/4/2019,Summer 2019,19-Aug,11,0,0,0,0,9.4,NA,3.345,0,NA,0.771,0,NA,0,17,NA,NA,NA,NA,NA,
HS,HSB,Horseshoe Bay,5,9,12,2019,9/12/2019,Summer 2019,19-Sep,9,0,0,0,0,NA,NA,NA,NA,NA,NA,NA,NA,NA,NA,NA,NA,NA,NA,NA,
HS,HSB,Horseshoe Bay,7,9,12,2019,9/12/2019,Summer 2019,19-Sep,11,0,0,0,0,NA,NA,NA,NA,NA,NA,NA,NA,NA,NA,NA,NA,NA,NA,NA,
HS,HSB,Horseshoe Bay,8,9,12,2019,9/12/2019,Summer 2019,19-Sep,13,0,0,0,0,NA,NA,NA,NA,NA,NA,NA,NA,NA,NA,NA,NA,NA,NA,NA,
HS,HSB,Horseshoe Bay,9,9,12,2019,9/12/2019,Summer 2019,19-Sep,14,0,0,0,0,NA,NA,NA,NA,NA,NA,NA,NA,NA,NA,NA,NA,NA,NA,NA,
HS,HSB,Horseshoe Bay,10,9,12,2019,9/12/2019,Summer 2019,19-Sep,15,0,0,0,0,NA,NA,NA,NA,NA,NA,NA,NA,NA,NA,NA,NA,NA,NA,NA,
